#
# There is insufficient memory for the Java Runtime Environment to continue.
# Native memory allocation (malloc) failed to allocate 1156336 bytes for Chunk::new
# Possible reasons:
#   The system is out of physical RAM or swap space
#   The process is running with CompressedOops enabled, and the Java Heap may be blocking the growth of the native heap
# Possible solutions:
#   Reduce memory load on the system
#   Increase physical memory or swap space
#   Check if swap backing store is full
#   Decrease Java heap size (-Xmx/-Xms)
#   Decrease number of Java threads
#   Decrease Java thread stack sizes (-Xss)
#   Set larger code cache with -XX:ReservedCodeCacheSize=
#   JVM is running with Unscaled Compressed Oops mode in which the Java heap is
#     placed in the first 4GB address space. The Java Heap base address is the
#     maximum limit for the native heap growth. Please use -XX:HeapBaseMinAddress
#     to set the Java Heap base and to place the Java Heap above 4GB virtual address.
# This output file may be truncated or incomplete.
#
#  Out of Memory Error (arena.cpp:168), pid=4984, tid=28952
#
# JRE version: Java(TM) SE Runtime Environment (21.0.6+8) (build 21.0.6+8-LTS-188)
# Java VM: Java HotSpot(TM) 64-Bit Server VM (21.0.6+8-LTS-188, mixed mode, sharing, tiered, compressed oops, compressed class ptrs, g1 gc, windows-amd64)
# No core dump will be written. Minidumps are not enabled by default on client versions of Windows
#

---------------  S U M M A R Y ------------

Command Line: -XX:MaxMetaspaceSize=512m --add-opens=java.base/java.util=ALL-UNNAMED --add-opens=java.base/java.lang=ALL-UNNAMED --add-opens=java.base/java.lang.invoke=ALL-UNNAMED --add-opens=java.prefs/java.util.prefs=ALL-UNNAMED --add-exports=jdk.compiler/com.sun.tools.javac.api=ALL-UNNAMED --add-exports=jdk.compiler/com.sun.tools.javac.util=ALL-UNNAMED --add-opens=java.base/java.nio.charset=ALL-UNNAMED --add-opens=java.base/java.net=ALL-UNNAMED --add-opens=java.base/java.util.concurrent.atomic=ALL-UNNAMED -Xmx2048m -Dfile.encoding=UTF-8 -Duser.country=IN -Duser.language=en -Duser.variant -javaagent:C:\Users\JASIR\.gradle\wrapper\dists\gradle-8.10.2-all\7iv73wktx1xtkvlq19urqw1wm\gradle-8.10.2\lib\agents\gradle-instrumentation-agent-8.10.2.jar org.gradle.launcher.daemon.bootstrap.GradleDaemon 8.10.2

Host: 11th Gen Intel(R) Core(TM) i5-1155G7 @ 2.50GHz, 8 cores, 15G,  Windows 11 , 64 bit Build 26100 (10.0.26100.3037)
Time: Sat Apr 19 19:45:30 2025 India Standard Time elapsed time: 132.660470 seconds (0d 0h 2m 12s)

---------------  T H R E A D  ---------------

Current thread (0x000001e6e1a0c080):  JavaThread "C2 CompilerThread0" daemon [_thread_in_native, id=28952, stack(0x000000c9a1700000,0x000000c9a1800000) (1024K)]


Current CompileTask:
C2: 132661 22578   !   4       org.gradle.internal.properties.annotations.AbstractTypeMetadataWalker$InstanceTypeMetadataWalker::walkNestedChild (93 bytes)

Stack: [0x000000c9a1700000,0x000000c9a1800000]
Native frames: (J=compiled Java code, j=interpreted, Vv=VM code, C=native code)
V  [jvm.dll+0x6ca6d9]
V  [jvm.dll+0x854f51]
V  [jvm.dll+0x85747e]
V  [jvm.dll+0x857b53]
V  [jvm.dll+0x27dcc6]
V  [jvm.dll+0xc4c2d]
V  [jvm.dll+0xc5163]
V  [jvm.dll+0x2f0fbd]
V  [jvm.dll+0x5f546a]
V  [jvm.dll+0x24f8a2]
V  [jvm.dll+0x2482ac]
V  [jvm.dll+0x245df4]
V  [jvm.dll+0x1c6d2e]
V  [jvm.dll+0x2554f9]
V  [jvm.dll+0x253a8a]
V  [jvm.dll+0x3ee576]
V  [jvm.dll+0x7ff2fb]
V  [jvm.dll+0x6c8dbd]
C  [ucrtbase.dll+0x37b0]
C  [KERNEL32.DLL+0x2e8d7]
C  [ntdll.dll+0xbbf2c]


---------------  P R O C E S S  ---------------

Threads class SMR info:
_java_thread_list=0x000001e68852f0d0, length=145, elements={
0x000001e6c2de5840, 0x000001e6e19d3e80, 0x000001e6e19d78f0, 0x000001e6e19dda00,
0x000001e6e19de090, 0x000001e6e19dbfc0, 0x000001e6e19dedb0, 0x000001e6e1a0c080,
0x000001e6e1a11360, 0x000001e6e19dcce0, 0x000001e6e19dd370, 0x000001e6e19dc650,
0x000001e6e19df440, 0x000001e6e19de720, 0x000001e6fe5f3560, 0x000001e6fe5f2840,
0x000001e6fe5f0770, 0x000001e6fe5f1b20, 0x000001e6fe5f1490, 0x000001e6fe5f21b0,
0x000001e6fe5f00e0, 0x000001e6fe5f3bf0, 0x000001e6fe5f0e00, 0x000001e6fe5f6350,
0x000001e6fe5f4910, 0x000001e6fe5f5cc0, 0x000001e6fe5f69e0, 0x000001e6fe5f7070,
0x000001e6fe5f7700, 0x000001e6fe5f5630, 0x000001e6fe5f4fa0, 0x000001e6fe5f4280,
0x000001e6e1d59fa0, 0x000001e6e1d59280, 0x000001e6e1d57ed0, 0x000001e6e1d5b9e0,
0x000001e6e1d58bf0, 0x000001e6e1d5c700, 0x000001e6e1d5cd90, 0x000001e6e1d59910,
0x000001e6e1d5d420, 0x000001e6e1d5e7d0, 0x000001e6fe534c00, 0x000001e6fe535290,
0x000001e6fe535fb0, 0x000001e6fe538080, 0x000001e6fe538710, 0x000001e6fe536640,
0x000001e6fe535920, 0x000001e6fe53a150, 0x000001e6fe5379f0, 0x000001e6fe538da0,
0x000001e6fe539430, 0x000001e6fe539ac0, 0x000001e6fe536cd0, 0x000001e6fe53a7e0,
0x000001e6fe537360, 0x000001e6fe53bb90, 0x000001e6fe53b500, 0x000001e6fe53ae70,
0x000001e6fe53c220, 0x000001e684eb85e0, 0x000001e684eb8c70, 0x000001e684eb9300,
0x000001e684eb6ba0, 0x000001e684ebce10, 0x000001e684ebc780, 0x000001e684ebad40,
0x000001e684ebd4a0, 0x000001e684ebdb30, 0x000001e684eba6b0, 0x000001e684ebb3d0,
0x000001e684ebc0f0, 0x000001e68546f2d0, 0x000001e685470d10, 0x000001e68546d890,
0x000001e68546e5b0, 0x000001e68546fff0, 0x000001e68546ec40, 0x000001e68546f960,
0x000001e68546df20, 0x000001e685470680, 0x000001e6ff94c2a0, 0x000001e6ff94a1d0,
0x000001e6ff94c930, 0x000001e6ff94a860, 0x000001e6ff9494b0, 0x000001e6ff949b40,
0x000001e6ff94dce0, 0x000001e6ff94e370, 0x000001e6ff94cfc0, 0x000001e6ff94d650,
0x000001e6ff94aef0, 0x000001e6ff94ea00, 0x000001e6ff94b580, 0x000001e6ff94f090,
0x000001e6ff94bc10, 0x000001e6ff94f720, 0x000001e6ff94fdb0, 0x000001e6ff950440,
0x000001e6ff950ad0, 0x000001e685464e00, 0x000001e685462d30, 0x000001e685465490,
0x000001e685464770, 0x000001e6854633c0, 0x000001e685463a50, 0x000001e685462010,
0x000001e6854640e0, 0x000001e685465b20, 0x000001e6854626a0, 0x000001e685466840,
0x000001e685468fa0, 0x000001e685468280, 0x000001e685467bf0, 0x000001e685469630,
0x000001e685468910, 0x000001e6854661b0, 0x000001e685466ed0, 0x000001e685467560,
0x000001e686eee6a0, 0x000001e686eebf40, 0x000001e686eef3c0, 0x000001e686eecc60,
0x000001e686eec5d0, 0x000001e686eed2f0, 0x000001e686eeed30, 0x000001e686ad38b0,
0x000001e686ad2500, 0x000001e686ad73c0, 0x000001e686ad6d30, 0x000001e686ad1e70,
0x000001e686ad45d0, 0x000001e686ad4c60, 0x000001e686ad6010, 0x000001e686ad2b90,
0x000001e686ad3220, 0x000001e686ad5980, 0x000001e686ad52f0, 0x000001e686ad3f40,
0x000001e686faea90, 0x000001e686faf7b0, 0x000001e68f490560, 0x000001e68d0330e0,
0x000001e68eb2dbc0
}

Java Threads: ( => current thread )
  0x000001e6c2de5840 JavaThread "main"                              [_thread_blocked, id=10924, stack(0x000000c9a0900000,0x000000c9a0a00000) (1024K)]
  0x000001e6e19d3e80 JavaThread "Reference Handler"          daemon [_thread_blocked, id=40892, stack(0x000000c9a1100000,0x000000c9a1200000) (1024K)]
  0x000001e6e19d78f0 JavaThread "Finalizer"                  daemon [_thread_blocked, id=33724, stack(0x000000c9a1200000,0x000000c9a1300000) (1024K)]
  0x000001e6e19dda00 JavaThread "Signal Dispatcher"          daemon [_thread_blocked, id=31880, stack(0x000000c9a1300000,0x000000c9a1400000) (1024K)]
  0x000001e6e19de090 JavaThread "Attach Listener"            daemon [_thread_blocked, id=44116, stack(0x000000c9a1400000,0x000000c9a1500000) (1024K)]
  0x000001e6e19dbfc0 JavaThread "Service Thread"             daemon [_thread_blocked, id=33852, stack(0x000000c9a1500000,0x000000c9a1600000) (1024K)]
  0x000001e6e19dedb0 JavaThread "Monitor Deflation Thread"   daemon [_thread_blocked, id=19972, stack(0x000000c9a1600000,0x000000c9a1700000) (1024K)]
=>0x000001e6e1a0c080 JavaThread "C2 CompilerThread0"         daemon [_thread_in_native, id=28952, stack(0x000000c9a1700000,0x000000c9a1800000) (1024K)]
  0x000001e6e1a11360 JavaThread "C1 CompilerThread0"         daemon [_thread_in_vm, id=9152, stack(0x000000c9a1800000,0x000000c9a1900000) (1024K)]
  0x000001e6e19dcce0 JavaThread "Common-Cleaner"             daemon [_thread_blocked, id=18684, stack(0x000000c9a1900000,0x000000c9a1a00000) (1024K)]
  0x000001e6e19dd370 JavaThread "Notification Thread"        daemon [_thread_blocked, id=27764, stack(0x000000c9a1a00000,0x000000c9a1b00000) (1024K)]
  0x000001e6e19dc650 JavaThread "Daemon health stats"               [_thread_blocked, id=42332, stack(0x000000c9a2200000,0x000000c9a2300000) (1024K)]
  0x000001e6e19df440 JavaThread "Incoming local TCP Connector on port 65120"        [_thread_in_native, id=14692, stack(0x000000c9a2300000,0x000000c9a2400000) (1024K)]
  0x000001e6e19de720 JavaThread "Daemon periodic checks"            [_thread_blocked, id=3284, stack(0x000000c9a2500000,0x000000c9a2600000) (1024K)]
  0x000001e6fe5f3560 JavaThread "Daemon"                            [_thread_blocked, id=41104, stack(0x000000c9a2600000,0x000000c9a2700000) (1024K)]
  0x000001e6fe5f2840 JavaThread "Handler for socket connection from /127.0.0.1:65120 to /127.0.0.1:65121"        [_thread_in_native, id=36448, stack(0x000000c9a2700000,0x000000c9a2800000) (1024K)]
  0x000001e6fe5f0770 JavaThread "Cancel handler"                    [_thread_blocked, id=11688, stack(0x000000c9a2800000,0x000000c9a2900000) (1024K)]
  0x000001e6fe5f1b20 JavaThread "Daemon worker"                     [_thread_in_vm, id=5092, stack(0x000000c9a2900000,0x000000c9a2a00000) (1024K)]
  0x000001e6fe5f1490 JavaThread "Asynchronous log dispatcher for DefaultDaemonConnection: socket connection from /127.0.0.1:65120 to /127.0.0.1:65121"        [_thread_blocked, id=42252, stack(0x000000c9a2a00000,0x000000c9a2b00000) (1024K)]
  0x000001e6fe5f21b0 JavaThread "Stdin handler"                     [_thread_blocked, id=27236, stack(0x000000c9a2b00000,0x000000c9a2c00000) (1024K)]
  0x000001e6fe5f00e0 JavaThread "Daemon client event forwarder"        [_thread_blocked, id=1096, stack(0x000000c9a2c00000,0x000000c9a2d00000) (1024K)]
  0x000001e6fe5f3bf0 JavaThread "Cache worker for journal cache (C:\Users\JASIR\.gradle\caches\journal-1)"        [_thread_blocked, id=46116, stack(0x000000c9a2400000,0x000000c9a2500000) (1024K)]
  0x000001e6fe5f0e00 JavaThread "File lock request listener"        [_thread_in_native, id=9236, stack(0x000000c9a2d00000,0x000000c9a2e00000) (1024K)]
  0x000001e6fe5f6350 JavaThread "Cache worker for file hash cache (C:\Users\JASIR\.gradle\caches\8.10.2\fileHashes)"        [_thread_blocked, id=49428, stack(0x000000c9a2e00000,0x000000c9a2f00000) (1024K)]
  0x000001e6fe5f4910 JavaThread "Cache worker for file hash cache (D:\MY WORKS\RACTNATIVE\Hajj\hajj-client\android\.gradle\8.10.2\fileHashes)"        [_thread_blocked, id=25972, stack(0x000000c9a3100000,0x000000c9a3200000) (1024K)]
  0x000001e6fe5f5cc0 JavaThread "Cache worker for Build Output Cleanup Cache (D:\MY WORKS\RACTNATIVE\Hajj\hajj-client\android\.gradle\buildOutputCleanup)"        [_thread_blocked, id=26396, stack(0x000000c9a3200000,0x000000c9a3300000) (1024K)]
  0x000001e6fe5f69e0 JavaThread "File watcher server"        daemon [_thread_in_native, id=24244, stack(0x000000c9a2f00000,0x000000c9a3000000) (1024K)]
  0x000001e6fe5f7070 JavaThread "File watcher consumer"      daemon [_thread_blocked, id=20492, stack(0x000000c9a3300000,0x000000c9a3400000) (1024K)]
  0x000001e6fe5f7700 JavaThread "Cache worker for checksums cache (D:\MY WORKS\RACTNATIVE\Hajj\hajj-client\android\.gradle\8.10.2\checksums)"        [_thread_blocked, id=13140, stack(0x000000c9a3400000,0x000000c9a3500000) (1024K)]
  0x000001e6fe5f5630 JavaThread "Cache worker for file content cache (C:\Users\JASIR\.gradle\caches\8.10.2\fileContent)"        [_thread_blocked, id=43764, stack(0x000000c9a3500000,0x000000c9a3600000) (1024K)]
  0x000001e6fe5f4fa0 JavaThread "File lock release action executor"        [_thread_blocked, id=28804, stack(0x000000c9a3600000,0x000000c9a3700000) (1024K)]
  0x000001e6fe5f4280 JavaThread "Cache worker for cache directory md-rule (C:\Users\JASIR\.gradle\caches\8.10.2\md-rule)"        [_thread_blocked, id=42588, stack(0x000000c9a3700000,0x000000c9a3800000) (1024K)]
  0x000001e6e1d59fa0 JavaThread "Cache worker for cache directory md-supplier (C:\Users\JASIR\.gradle\caches\8.10.2\md-supplier)"        [_thread_blocked, id=31016, stack(0x000000c9a3800000,0x000000c9a3900000) (1024K)]
  0x000001e6e1d59280 JavaThread "jar transforms"                    [_thread_blocked, id=32408, stack(0x000000c9a3b00000,0x000000c9a3c00000) (1024K)]
  0x000001e6e1d57ed0 JavaThread "Cache worker for Build Output Cleanup Cache (D:\MY WORKS\RACTNATIVE\Hajj\hajj-client\node_modules\@react-native\gradle-plugin\.gradle\buildOutputCleanup)"        [_thread_blocked, id=26176, stack(0x000000c9a3c00000,0x000000c9a3d00000) (1024K)]
  0x000001e6e1d5b9e0 JavaThread "Unconstrained build operations"        [_thread_blocked, id=45052, stack(0x000000c9a3a00000,0x000000c9a3b00000) (1024K)]
  0x000001e6e1d58bf0 JavaThread "Unconstrained build operations Thread 2"        [_thread_blocked, id=7124, stack(0x000000c9a3d00000,0x000000c9a3e00000) (1024K)]
  0x000001e6e1d5c700 JavaThread "Unconstrained build operations Thread 3"        [_thread_blocked, id=35552, stack(0x000000c9a3900000,0x000000c9a3a00000) (1024K)]
  0x000001e6e1d5cd90 JavaThread "Unconstrained build operations Thread 4"        [_thread_blocked, id=11328, stack(0x000000c9a3e00000,0x000000c9a3f00000) (1024K)]
  0x000001e6e1d59910 JavaThread "Unconstrained build operations Thread 5"        [_thread_blocked, id=38160, stack(0x000000c9a3f00000,0x000000c9a4000000) (1024K)]
  0x000001e6e1d5d420 JavaThread "Unconstrained build operations Thread 6"        [_thread_blocked, id=37496, stack(0x000000c9a4000000,0x000000c9a4100000) (1024K)]
  0x000001e6e1d5e7d0 JavaThread "Unconstrained build operations Thread 7"        [_thread_blocked, id=10756, stack(0x000000c9a4100000,0x000000c9a4200000) (1024K)]
  0x000001e6fe534c00 JavaThread "Unconstrained build operations Thread 8"        [_thread_blocked, id=24476, stack(0x000000c9a4200000,0x000000c9a4300000) (1024K)]
  0x000001e6fe535290 JavaThread "Unconstrained build operations Thread 9"        [_thread_blocked, id=23740, stack(0x000000c9a4300000,0x000000c9a4400000) (1024K)]
  0x000001e6fe535fb0 JavaThread "Unconstrained build operations Thread 10"        [_thread_blocked, id=52144, stack(0x000000c9a4400000,0x000000c9a4500000) (1024K)]
  0x000001e6fe538080 JavaThread "Unconstrained build operations Thread 11"        [_thread_blocked, id=49120, stack(0x000000c9a4500000,0x000000c9a4600000) (1024K)]
  0x000001e6fe538710 JavaThread "Unconstrained build operations Thread 12"        [_thread_blocked, id=42668, stack(0x000000c9a4600000,0x000000c9a4700000) (1024K)]
  0x000001e6fe536640 JavaThread "Unconstrained build operations Thread 13"        [_thread_blocked, id=13260, stack(0x000000c9a4700000,0x000000c9a4800000) (1024K)]
  0x000001e6fe535920 JavaThread "Unconstrained build operations Thread 14"        [_thread_blocked, id=36336, stack(0x000000c9a4800000,0x000000c9a4900000) (1024K)]
  0x000001e6fe53a150 JavaThread "Unconstrained build operations Thread 15"        [_thread_blocked, id=36548, stack(0x000000c9a4900000,0x000000c9a4a00000) (1024K)]
  0x000001e6fe5379f0 JavaThread "Unconstrained build operations Thread 16"        [_thread_blocked, id=7700, stack(0x000000c9a4a00000,0x000000c9a4b00000) (1024K)]
  0x000001e6fe538da0 JavaThread "Unconstrained build operations Thread 17"        [_thread_blocked, id=2540, stack(0x000000c9a4b00000,0x000000c9a4c00000) (1024K)]
  0x000001e6fe539430 JavaThread "Unconstrained build operations Thread 18"        [_thread_blocked, id=28148, stack(0x000000c9a4c00000,0x000000c9a4d00000) (1024K)]
  0x000001e6fe539ac0 JavaThread "Unconstrained build operations Thread 19"        [_thread_blocked, id=23700, stack(0x000000c9a4d00000,0x000000c9a4e00000) (1024K)]
  0x000001e6fe536cd0 JavaThread "Unconstrained build operations Thread 20"        [_thread_blocked, id=39820, stack(0x000000c9a4e00000,0x000000c9a4f00000) (1024K)]
  0x000001e6fe53a7e0 JavaThread "Unconstrained build operations Thread 21"        [_thread_blocked, id=44880, stack(0x000000c9a4f00000,0x000000c9a5000000) (1024K)]
  0x000001e6fe537360 JavaThread "Unconstrained build operations Thread 22"        [_thread_blocked, id=42196, stack(0x000000c9a5000000,0x000000c9a5100000) (1024K)]
  0x000001e6fe53bb90 JavaThread "Unconstrained build operations Thread 23"        [_thread_blocked, id=50324, stack(0x000000c9a5100000,0x000000c9a5200000) (1024K)]
  0x000001e6fe53b500 JavaThread "Unconstrained build operations Thread 24"        [_thread_blocked, id=384, stack(0x000000c9a5200000,0x000000c9a5300000) (1024K)]
  0x000001e6fe53ae70 JavaThread "Unconstrained build operations Thread 25"        [_thread_blocked, id=10532, stack(0x000000c9a5300000,0x000000c9a5400000) (1024K)]
  0x000001e6fe53c220 JavaThread "Unconstrained build operations Thread 26"        [_thread_blocked, id=51508, stack(0x000000c9a5400000,0x000000c9a5500000) (1024K)]
  0x000001e684eb85e0 JavaThread "Unconstrained build operations Thread 27"        [_thread_blocked, id=49308, stack(0x000000c9a5500000,0x000000c9a5600000) (1024K)]
  0x000001e684eb8c70 JavaThread "Memory manager"                    [_thread_blocked, id=32984, stack(0x000000c9a5700000,0x000000c9a5800000) (1024K)]
  0x000001e684eb9300 JavaThread "build event listener"              [_thread_blocked, id=9676, stack(0x000000c9a5600000,0x000000c9a5700000) (1024K)]
  0x000001e684eb6ba0 JavaThread "ForkJoinPool.commonPool-worker-2" daemon [_thread_blocked, id=50896, stack(0x000000c9a5a00000,0x000000c9a5b00000) (1024K)]
  0x000001e684ebce10 JavaThread "ForkJoinPool.commonPool-worker-3" daemon [_thread_blocked, id=10784, stack(0x000000c9a5b00000,0x000000c9a5c00000) (1024K)]
  0x000001e684ebc780 JavaThread "ForkJoinPool.commonPool-worker-4" daemon [_thread_blocked, id=42064, stack(0x000000c9a5c00000,0x000000c9a5d00000) (1024K)]
  0x000001e684ebad40 JavaThread "ForkJoinPool.commonPool-worker-5" daemon [_thread_blocked, id=10428, stack(0x000000c9a5d00000,0x000000c9a5e00000) (1024K)]
  0x000001e684ebd4a0 JavaThread "ForkJoinPool.commonPool-worker-6" daemon [_thread_blocked, id=29512, stack(0x000000c9a5e00000,0x000000c9a5f00000) (1024K)]
  0x000001e684ebdb30 JavaThread "ForkJoinPool.commonPool-worker-7" daemon [_thread_blocked, id=50792, stack(0x000000c9a5f00000,0x000000c9a6000000) (1024K)]
  0x000001e684eba6b0 JavaThread "Exec process"                      [_thread_blocked, id=15636, stack(0x000000c9a6000000,0x000000c9a6100000) (1024K)]
  0x000001e684ebb3d0 JavaThread "Exec process Thread 2"             [_thread_blocked, id=45380, stack(0x000000c9a6100000,0x000000c9a6200000) (1024K)]
  0x000001e684ebc0f0 JavaThread "Exec process Thread 3"             [_thread_blocked, id=10548, stack(0x000000c9a6200000,0x000000c9a6300000) (1024K)]
  0x000001e68546f2d0 JavaThread "Execution worker"                  [_thread_blocked, id=6436, stack(0x000000c9a6400000,0x000000c9a6500000) (1024K)]
  0x000001e685470d10 JavaThread "Execution worker Thread 2"         [_thread_blocked, id=42284, stack(0x000000c9a6500000,0x000000c9a6600000) (1024K)]
  0x000001e68546d890 JavaThread "Execution worker Thread 3"         [_thread_blocked, id=11104, stack(0x000000c9a6600000,0x000000c9a6700000) (1024K)]
  0x000001e68546e5b0 JavaThread "Execution worker Thread 4"         [_thread_blocked, id=27456, stack(0x000000c9a6700000,0x000000c9a6800000) (1024K)]
  0x000001e68546fff0 JavaThread "Execution worker Thread 5"         [_thread_blocked, id=45500, stack(0x000000c9a6800000,0x000000c9a6900000) (1024K)]
  0x000001e68546ec40 JavaThread "Execution worker Thread 6"         [_thread_blocked, id=38372, stack(0x000000c9a6900000,0x000000c9a6a00000) (1024K)]
  0x000001e68546f960 JavaThread "Execution worker Thread 7"         [_thread_blocked, id=43900, stack(0x000000c9a6a00000,0x000000c9a6b00000) (1024K)]
  0x000001e68546df20 JavaThread "Cache worker for execution history cache (D:\MY WORKS\RACTNATIVE\Hajj\hajj-client\node_modules\@react-native\gradle-plugin\.gradle\8.10.2\executionHistory)"        [_thread_blocked, id=17176, stack(0x000000c9a6b00000,0x000000c9a6c00000) (1024K)]
  0x000001e685470680 JavaThread "Unconstrained build operations Thread 28"        [_thread_blocked, id=23188, stack(0x000000c9a5800000,0x000000c9a5900000) (1024K)]
  0x000001e6ff94c2a0 JavaThread "Unconstrained build operations Thread 29"        [_thread_blocked, id=46108, stack(0x000000c9a6c00000,0x000000c9a6d00000) (1024K)]
  0x000001e6ff94a1d0 JavaThread "Unconstrained build operations Thread 30"        [_thread_blocked, id=51004, stack(0x000000c9a6d00000,0x000000c9a6e00000) (1024K)]
  0x000001e6ff94c930 JavaThread "Unconstrained build operations Thread 31"        [_thread_blocked, id=4772, stack(0x000000c9a6e00000,0x000000c9a6f00000) (1024K)]
  0x000001e6ff94a860 JavaThread "Unconstrained build operations Thread 32"        [_thread_blocked, id=46332, stack(0x000000c9a6f00000,0x000000c9a7000000) (1024K)]
  0x000001e6ff9494b0 JavaThread "Unconstrained build operations Thread 33"        [_thread_blocked, id=32268, stack(0x000000c9a7000000,0x000000c9a7100000) (1024K)]
  0x000001e6ff949b40 JavaThread "Unconstrained build operations Thread 34"        [_thread_blocked, id=15544, stack(0x000000c9a7100000,0x000000c9a7200000) (1024K)]
  0x000001e6ff94dce0 JavaThread "Unconstrained build operations Thread 35"        [_thread_blocked, id=32620, stack(0x000000c9a7200000,0x000000c9a7300000) (1024K)]
  0x000001e6ff94e370 JavaThread "Unconstrained build operations Thread 36"        [_thread_blocked, id=48476, stack(0x000000c9a7300000,0x000000c9a7400000) (1024K)]
  0x000001e6ff94cfc0 JavaThread "Unconstrained build operations Thread 37"        [_thread_blocked, id=24752, stack(0x000000c9a7400000,0x000000c9a7500000) (1024K)]
  0x000001e6ff94d650 JavaThread "Unconstrained build operations Thread 38"        [_thread_blocked, id=3268, stack(0x000000c9a7500000,0x000000c9a7600000) (1024K)]
  0x000001e6ff94aef0 JavaThread "Unconstrained build operations Thread 39"        [_thread_blocked, id=50928, stack(0x000000c9a7600000,0x000000c9a7700000) (1024K)]
  0x000001e6ff94ea00 JavaThread "Unconstrained build operations Thread 40"        [_thread_blocked, id=27424, stack(0x000000c9a7700000,0x000000c9a7800000) (1024K)]
  0x000001e6ff94b580 JavaThread "Unconstrained build operations Thread 41"        [_thread_blocked, id=48908, stack(0x000000c9a7800000,0x000000c9a7900000) (1024K)]
  0x000001e6ff94f090 JavaThread "Unconstrained build operations Thread 42"        [_thread_blocked, id=15660, stack(0x000000c9a7a00000,0x000000c9a7b00000) (1024K)]
  0x000001e6ff94bc10 JavaThread "Unconstrained build operations Thread 43"        [_thread_blocked, id=34952, stack(0x000000c9a7b00000,0x000000c9a7c00000) (1024K)]
  0x000001e6ff94f720 JavaThread "Unconstrained build operations Thread 44"        [_thread_blocked, id=42680, stack(0x000000c9a7900000,0x000000c9a7a00000) (1024K)]
  0x000001e6ff94fdb0 JavaThread "Unconstrained build operations Thread 45"        [_thread_blocked, id=38936, stack(0x000000c9a7c00000,0x000000c9a7d00000) (1024K)]
  0x000001e6ff950440 JavaThread "Unconstrained build operations Thread 46"        [_thread_blocked, id=11400, stack(0x000000c9a7d00000,0x000000c9a7e00000) (1024K)]
  0x000001e6ff950ad0 JavaThread "Unconstrained build operations Thread 47"        [_thread_blocked, id=41476, stack(0x000000c9a7e00000,0x000000c9a7f00000) (1024K)]
  0x000001e685464e00 JavaThread "Unconstrained build operations Thread 48"        [_thread_blocked, id=7684, stack(0x000000c9a7f00000,0x000000c9a8000000) (1024K)]
  0x000001e685462d30 JavaThread "Unconstrained build operations Thread 49"        [_thread_blocked, id=32660, stack(0x000000c9a8000000,0x000000c9a8100000) (1024K)]
  0x000001e685465490 JavaThread "Unconstrained build operations Thread 50"        [_thread_blocked, id=46408, stack(0x000000c9a8100000,0x000000c9a8200000) (1024K)]
  0x000001e685464770 JavaThread "Unconstrained build operations Thread 51"        [_thread_blocked, id=26824, stack(0x000000c9a8200000,0x000000c9a8300000) (1024K)]
  0x000001e6854633c0 JavaThread "Unconstrained build operations Thread 52"        [_thread_blocked, id=32400, stack(0x000000c9a8400000,0x000000c9a8500000) (1024K)]
  0x000001e685463a50 JavaThread "Unconstrained build operations Thread 53"        [_thread_blocked, id=49216, stack(0x000000c9a8500000,0x000000c9a8600000) (1024K)]
  0x000001e685462010 JavaThread "Unconstrained build operations Thread 54"        [_thread_blocked, id=29556, stack(0x000000c9a8600000,0x000000c9a8700000) (1024K)]
  0x000001e6854640e0 JavaThread "Unconstrained build operations Thread 55"        [_thread_blocked, id=28600, stack(0x000000c9a8700000,0x000000c9a8800000) (1024K)]
  0x000001e685465b20 JavaThread "Unconstrained build operations Thread 56"        [_thread_blocked, id=48284, stack(0x000000c9a8800000,0x000000c9a8900000) (1024K)]
  0x000001e6854626a0 JavaThread "Unconstrained build operations Thread 57"        [_thread_blocked, id=48748, stack(0x000000c9a8900000,0x000000c9a8a00000) (1024K)]
  0x000001e685466840 JavaThread "Unconstrained build operations Thread 58"        [_thread_blocked, id=11800, stack(0x000000c9a8a00000,0x000000c9a8b00000) (1024K)]
  0x000001e685468fa0 JavaThread "Unconstrained build operations Thread 59"        [_thread_blocked, id=36208, stack(0x000000c9a8b00000,0x000000c9a8c00000) (1024K)]
  0x000001e685468280 JavaThread "Unconstrained build operations Thread 60"        [_thread_blocked, id=11976, stack(0x000000c9a8c00000,0x000000c9a8d00000) (1024K)]
  0x000001e685467bf0 JavaThread "Unconstrained build operations Thread 61"        [_thread_blocked, id=49836, stack(0x000000c9a8d00000,0x000000c9a8e00000) (1024K)]
  0x000001e685469630 JavaThread "Unconstrained build operations Thread 62"        [_thread_blocked, id=5668, stack(0x000000c9a8e00000,0x000000c9a8f00000) (1024K)]
  0x000001e685468910 JavaThread "Unconstrained build operations Thread 63"        [_thread_blocked, id=40240, stack(0x000000c9a8f00000,0x000000c9a9000000) (1024K)]
  0x000001e6854661b0 JavaThread "Unconstrained build operations Thread 64"        [_thread_blocked, id=38596, stack(0x000000c9a9000000,0x000000c9a9100000) (1024K)]
  0x000001e685466ed0 JavaThread "Unconstrained build operations Thread 65"        [_thread_blocked, id=15564, stack(0x000000c9a9100000,0x000000c9a9200000) (1024K)]
  0x000001e685467560 JavaThread "Unconstrained build operations Thread 66"        [_thread_blocked, id=24988, stack(0x000000c9a9200000,0x000000c9a9300000) (1024K)]
  0x000001e686eee6a0 JavaThread "Unconstrained build operations Thread 67"        [_thread_blocked, id=48640, stack(0x000000c9a9300000,0x000000c9a9400000) (1024K)]
  0x000001e686eebf40 JavaThread "Unconstrained build operations Thread 68"        [_thread_blocked, id=9476, stack(0x000000c9a9400000,0x000000c9a9500000) (1024K)]
  0x000001e686eef3c0 JavaThread "Unconstrained build operations Thread 69"        [_thread_blocked, id=32612, stack(0x000000c9a9500000,0x000000c9a9600000) (1024K)]
  0x000001e686eecc60 JavaThread "Unconstrained build operations Thread 70"        [_thread_blocked, id=22504, stack(0x000000c9a9600000,0x000000c9a9700000) (1024K)]
  0x000001e686eec5d0 JavaThread "Unconstrained build operations Thread 71"        [_thread_blocked, id=9972, stack(0x000000c9a9700000,0x000000c9a9800000) (1024K)]
  0x000001e686eed2f0 JavaThread "Unconstrained build operations Thread 72"        [_thread_blocked, id=47160, stack(0x000000c9a9800000,0x000000c9a9900000) (1024K)]
  0x000001e686eeed30 JavaThread "jar transforms Thread 2"           [_thread_blocked, id=44316, stack(0x000000c9a8300000,0x000000c9a8400000) (1024K)]
  0x000001e686ad38b0 JavaThread "jar transforms Thread 3"           [_thread_blocked, id=10044, stack(0x000000c9a9900000,0x000000c9a9a00000) (1024K)]
  0x000001e686ad2500 JavaThread "jar transforms Thread 4"           [_thread_blocked, id=47244, stack(0x000000c9a9a00000,0x000000c9a9b00000) (1024K)]
  0x000001e686ad73c0 JavaThread "jar transforms Thread 5"           [_thread_blocked, id=37892, stack(0x000000c9a9c00000,0x000000c9a9d00000) (1024K)]
  0x000001e686ad6d30 JavaThread "jar transforms Thread 6"           [_thread_blocked, id=45172, stack(0x000000c9a9d00000,0x000000c9a9e00000) (1024K)]
  0x000001e686ad1e70 JavaThread "jar transforms Thread 7"           [_thread_blocked, id=17452, stack(0x000000c9a9e00000,0x000000c9a9f00000) (1024K)]
  0x000001e686ad45d0 JavaThread "Unconstrained build operations Thread 73"        [_thread_blocked, id=37008, stack(0x000000c9aa000000,0x000000c9aa100000) (1024K)]
  0x000001e686ad4c60 JavaThread "Unconstrained build operations Thread 74"        [_thread_blocked, id=23940, stack(0x000000c9aa100000,0x000000c9aa200000) (1024K)]
  0x000001e686ad6010 JavaThread "Unconstrained build operations Thread 75"        [_thread_blocked, id=13776, stack(0x000000c9aa200000,0x000000c9aa300000) (1024K)]
  0x000001e686ad2b90 JavaThread "Unconstrained build operations Thread 76"        [_thread_blocked, id=33712, stack(0x000000c9aa300000,0x000000c9aa400000) (1024K)]
  0x000001e686ad3220 JavaThread "Unconstrained build operations Thread 77"        [_thread_blocked, id=12512, stack(0x000000c9aa400000,0x000000c9aa500000) (1024K)]
  0x000001e686ad5980 JavaThread "Unconstrained build operations Thread 78"        [_thread_blocked, id=16672, stack(0x000000c9aa500000,0x000000c9aa600000) (1024K)]
  0x000001e686ad52f0 JavaThread "Unconstrained build operations Thread 79"        [_thread_blocked, id=17168, stack(0x000000c9aa600000,0x000000c9aa700000) (1024K)]
  0x000001e686ad3f40 JavaThread "Unconstrained build operations Thread 80"        [_thread_blocked, id=25164, stack(0x000000c9aa700000,0x000000c9aa800000) (1024K)]
  0x000001e686faea90 JavaThread "jar transforms Thread 8"           [_thread_blocked, id=13732, stack(0x000000c9a9b00000,0x000000c9a9c00000) (1024K)]
  0x000001e686faf7b0 JavaThread "build event listener"              [_thread_blocked, id=40324, stack(0x000000c9a9f00000,0x000000c9aa000000) (1024K)]
  0x000001e68f490560 JavaThread "ForkJoinPool.commonPool-worker-8" daemon [_thread_blocked, id=48940, stack(0x000000c9a5900000,0x000000c9a5a00000) (1024K)]
  0x000001e68d0330e0 JavaThread "C2 CompilerThread1"         daemon [_thread_in_native, id=50704, stack(0x000000c9a0800000,0x000000c9a0900000) (1024K)]
  0x000001e68eb2dbc0 JavaThread "C2 CompilerThread2"         daemon [_thread_in_native, id=30632, stack(0x000000c9a6300000,0x000000c9a6400000) (1024K)]
Total: 145

Other Threads:
  0x000001e6e19badc0 VMThread "VM Thread"                           [id=35264, stack(0x000000c9a1000000,0x000000c9a1100000) (1024K)]
  0x000001e6e19a5110 WatcherThread "VM Periodic Task Thread"        [id=33636, stack(0x000000c9a0f00000,0x000000c9a1000000) (1024K)]
  0x000001e6c4fc0720 WorkerThread "GC Thread#0"                     [id=50940, stack(0x000000c9a0a00000,0x000000c9a0b00000) (1024K)]
  0x000001e6fd3e0230 WorkerThread "GC Thread#1"                     [id=21868, stack(0x000000c9a1b00000,0x000000c9a1c00000) (1024K)]
  0x000001e6fd3e05d0 WorkerThread "GC Thread#2"                     [id=32296, stack(0x000000c9a1c00000,0x000000c9a1d00000) (1024K)]
  0x000001e6e1cbdf90 WorkerThread "GC Thread#3"                     [id=24756, stack(0x000000c9a1d00000,0x000000c9a1e00000) (1024K)]
  0x000001e6e1cbe330 WorkerThread "GC Thread#4"                     [id=23524, stack(0x000000c9a1e00000,0x000000c9a1f00000) (1024K)]
  0x000001e6fd30acd0 WorkerThread "GC Thread#5"                     [id=50168, stack(0x000000c9a1f00000,0x000000c9a2000000) (1024K)]
  0x000001e6fda26f90 WorkerThread "GC Thread#6"                     [id=39128, stack(0x000000c9a2000000,0x000000c9a2100000) (1024K)]
  0x000001e6e1b74e20 WorkerThread "GC Thread#7"                     [id=34596, stack(0x000000c9a2100000,0x000000c9a2200000) (1024K)]
  0x000001e6c4fd1610 ConcurrentGCThread "G1 Main Marker"            [id=9340, stack(0x000000c9a0b00000,0x000000c9a0c00000) (1024K)]
  0x000001e6c4fd2020 WorkerThread "G1 Conc#0"                       [id=50572, stack(0x000000c9a0c00000,0x000000c9a0d00000) (1024K)]
  0x000001e6feca32e0 WorkerThread "G1 Conc#1"                       [id=24612, stack(0x000000c9a3000000,0x000000c9a3100000) (1024K)]
  0x000001e6c502e820 ConcurrentGCThread "G1 Refine#0"               [id=32636, stack(0x000000c9a0d00000,0x000000c9a0e00000) (1024K)]
  0x000001e6e18786b0 ConcurrentGCThread "G1 Service"                [id=31580, stack(0x000000c9a0e00000,0x000000c9a0f00000) (1024K)]
Total: 15

Threads with active compile tasks:
C2 CompilerThread0   132704 22578   !   4       org.gradle.internal.properties.annotations.AbstractTypeMetadataWalker$InstanceTypeMetadataWalker::walkNestedChild (93 bytes)
C2 CompilerThread1   132704 22577       4       com.google.common.reflect.TypeResolver::resolveType (74 bytes)
C2 CompilerThread2   132704 22576       4       org.gradle.internal.properties.annotations.AbstractTypeMetadataWalker::walkNested (154 bytes)
Total: 3

VM state: not at safepoint (normal execution)

VM Mutex/Monitor currently owned by a thread: None

Heap address: 0x0000000080000000, size: 2048 MB, Compressed Oops mode: 32-bit

CDS archive(s) mapped at: [0x000001e6e2000000-0x000001e6e2c90000-0x000001e6e2c90000), size 13172736, SharedBaseAddress: 0x000001e6e2000000, ArchiveRelocationMode: 1.
Compressed class space mapped at: 0x000001e6e3000000-0x000001e6fd000000, reserved size: 436207616
Narrow klass base: 0x000001e6e2000000, Narrow klass shift: 0, Narrow klass range: 0x100000000

GC Precious Log:
 CardTable entry size: 512
 Card Set container configuration: InlinePtr #cards 5 size 8 Array Of Cards #cards 12 size 40 Howl #buckets 4 coarsen threshold 1843 Howl Bitmap #cards 512 size 80 coarsen threshold 460 Card regions per heap region 1 cards per card region 2048
 CPUs: 8 total, 8 available
 Memory: 16026M
 Large Page Support: Disabled
 NUMA Support: Disabled
 Compressed Oops: Enabled (32-bit)
 Heap Region Size: 1M
 Heap Min Capacity: 8M
 Heap Initial Capacity: 252M
 Heap Max Capacity: 2G
 Pre-touch: Disabled
 Parallel Workers: 8
 Concurrent Workers: 2
 Concurrent Refinement Workers: 8
 Periodic GC: Disabled

Heap:
 garbage-first heap   total 583680K, used 441497K [0x0000000080000000, 0x0000000100000000)
  region size 1024K, 102 young (104448K), 13 survivors (13312K)
 Metaspace       used 126684K, committed 129792K, reserved 557056K
  class space    used 17288K, committed 18816K, reserved 425984K

Heap Regions: E=young(eden), S=young(survivor), O=old, HS=humongous(starts), HC=humongous(continues), CS=collection set, F=free, TAMS=top-at-mark-start, PB=parsable bottom
|   0|0x0000000080000000, 0x0000000080100000, 0x0000000080100000|100%| O|  |TAMS 0x0000000080000000| PB 0x0000000080000000| Untracked 
|   1|0x0000000080100000, 0x0000000080200000, 0x0000000080200000|100%| O|  |TAMS 0x0000000080100000| PB 0x0000000080100000| Untracked 
|   2|0x0000000080200000, 0x0000000080300000, 0x0000000080300000|100%|HS|  |TAMS 0x0000000080200000| PB 0x0000000080200000| Complete 
|   3|0x0000000080300000, 0x0000000080400000, 0x0000000080400000|100%|HC|  |TAMS 0x0000000080300000| PB 0x0000000080300000| Complete 
|   4|0x0000000080400000, 0x0000000080500000, 0x0000000080500000|100%|HC|  |TAMS 0x0000000080400000| PB 0x0000000080400000| Complete 
|   5|0x0000000080500000, 0x0000000080600000, 0x0000000080600000|100%|HC|  |TAMS 0x0000000080500000| PB 0x0000000080500000| Complete 
|   6|0x0000000080600000, 0x0000000080700000, 0x0000000080700000|100%| O|  |TAMS 0x0000000080600000| PB 0x0000000080600000| Untracked 
|   7|0x0000000080700000, 0x0000000080800000, 0x0000000080800000|100%| O|  |TAMS 0x0000000080700000| PB 0x0000000080700000| Untracked 
|   8|0x0000000080800000, 0x0000000080900000, 0x0000000080900000|100%| O|  |TAMS 0x0000000080800000| PB 0x0000000080800000| Untracked 
|   9|0x0000000080900000, 0x0000000080a00000, 0x0000000080a00000|100%| O|  |TAMS 0x0000000080900000| PB 0x0000000080900000| Untracked 
|  10|0x0000000080a00000, 0x0000000080b00000, 0x0000000080b00000|100%|HS|  |TAMS 0x0000000080a00000| PB 0x0000000080a00000| Complete 
|  11|0x0000000080b00000, 0x0000000080c00000, 0x0000000080c00000|100%| O|  |TAMS 0x0000000080b00000| PB 0x0000000080b00000| Untracked 
|  12|0x0000000080c00000, 0x0000000080d00000, 0x0000000080d00000|100%| O|  |TAMS 0x0000000080c00000| PB 0x0000000080c00000| Untracked 
|  13|0x0000000080d00000, 0x0000000080e00000, 0x0000000080e00000|100%| O|  |TAMS 0x0000000080d00000| PB 0x0000000080d00000| Untracked 
|  14|0x0000000080e00000, 0x0000000080f00000, 0x0000000080f00000|100%| O|  |TAMS 0x0000000080e00000| PB 0x0000000080e00000| Untracked 
|  15|0x0000000080f00000, 0x0000000081000000, 0x0000000081000000|100%| O|  |TAMS 0x0000000080f00000| PB 0x0000000080f00000| Untracked 
|  16|0x0000000081000000, 0x0000000081100000, 0x0000000081100000|100%| O|  |TAMS 0x0000000081000000| PB 0x0000000081000000| Untracked 
|  17|0x0000000081100000, 0x0000000081200000, 0x0000000081200000|100%| O|  |TAMS 0x0000000081100000| PB 0x0000000081100000| Untracked 
|  18|0x0000000081200000, 0x0000000081300000, 0x0000000081300000|100%| O|  |TAMS 0x0000000081200000| PB 0x0000000081200000| Untracked 
|  19|0x0000000081300000, 0x0000000081400000, 0x0000000081400000|100%| O|  |TAMS 0x0000000081300000| PB 0x0000000081300000| Untracked 
|  20|0x0000000081400000, 0x0000000081500000, 0x0000000081500000|100%| O|  |TAMS 0x0000000081400000| PB 0x0000000081400000| Untracked 
|  21|0x0000000081500000, 0x0000000081600000, 0x0000000081600000|100%| O|  |TAMS 0x0000000081500000| PB 0x0000000081500000| Untracked 
|  22|0x0000000081600000, 0x0000000081700000, 0x0000000081700000|100%| O|  |TAMS 0x0000000081600000| PB 0x0000000081600000| Untracked 
|  23|0x0000000081700000, 0x0000000081800000, 0x0000000081800000|100%| O|  |TAMS 0x0000000081700000| PB 0x0000000081700000| Untracked 
|  24|0x0000000081800000, 0x0000000081900000, 0x0000000081900000|100%| O|  |TAMS 0x0000000081800000| PB 0x0000000081800000| Untracked 
|  25|0x0000000081900000, 0x0000000081a00000, 0x0000000081a00000|100%| O|  |TAMS 0x0000000081900000| PB 0x0000000081900000| Untracked 
|  26|0x0000000081a00000, 0x0000000081b00000, 0x0000000081b00000|100%| O|  |TAMS 0x0000000081a00000| PB 0x0000000081a00000| Untracked 
|  27|0x0000000081b00000, 0x0000000081c00000, 0x0000000081c00000|100%| O|  |TAMS 0x0000000081b00000| PB 0x0000000081b00000| Untracked 
|  28|0x0000000081c00000, 0x0000000081d00000, 0x0000000081d00000|100%| O|  |TAMS 0x0000000081c00000| PB 0x0000000081c00000| Untracked 
|  29|0x0000000081d00000, 0x0000000081e00000, 0x0000000081e00000|100%| O|  |TAMS 0x0000000081d00000| PB 0x0000000081d00000| Untracked 
|  30|0x0000000081e00000, 0x0000000081f00000, 0x0000000081f00000|100%| O|  |TAMS 0x0000000081e00000| PB 0x0000000081e00000| Untracked 
|  31|0x0000000081f00000, 0x0000000082000000, 0x0000000082000000|100%| O|  |TAMS 0x0000000081f00000| PB 0x0000000081f00000| Untracked 
|  32|0x0000000082000000, 0x0000000082100000, 0x0000000082100000|100%| O|  |TAMS 0x0000000082000000| PB 0x0000000082000000| Untracked 
|  33|0x0000000082100000, 0x0000000082200000, 0x0000000082200000|100%| O|  |TAMS 0x0000000082100000| PB 0x0000000082100000| Untracked 
|  34|0x0000000082200000, 0x0000000082300000, 0x0000000082300000|100%| O|  |TAMS 0x0000000082200000| PB 0x0000000082200000| Untracked 
|  35|0x0000000082300000, 0x0000000082400000, 0x0000000082400000|100%| O|  |TAMS 0x0000000082300000| PB 0x0000000082300000| Untracked 
|  36|0x0000000082400000, 0x0000000082500000, 0x0000000082500000|100%| O|  |TAMS 0x0000000082400000| PB 0x0000000082400000| Untracked 
|  37|0x0000000082500000, 0x0000000082600000, 0x0000000082600000|100%| O|  |TAMS 0x0000000082500000| PB 0x0000000082500000| Untracked 
|  38|0x0000000082600000, 0x0000000082700000, 0x0000000082700000|100%| O|  |TAMS 0x0000000082600000| PB 0x0000000082600000| Untracked 
|  39|0x0000000082700000, 0x0000000082800000, 0x0000000082800000|100%| O|  |TAMS 0x0000000082700000| PB 0x0000000082700000| Untracked 
|  40|0x0000000082800000, 0x0000000082900000, 0x0000000082900000|100%| O|  |TAMS 0x0000000082800000| PB 0x0000000082800000| Untracked 
|  41|0x0000000082900000, 0x0000000082a00000, 0x0000000082a00000|100%| O|  |TAMS 0x0000000082900000| PB 0x0000000082900000| Untracked 
|  42|0x0000000082a00000, 0x0000000082b00000, 0x0000000082b00000|100%| O|  |TAMS 0x0000000082a00000| PB 0x0000000082a00000| Untracked 
|  43|0x0000000082b00000, 0x0000000082c00000, 0x0000000082c00000|100%| O|  |TAMS 0x0000000082b00000| PB 0x0000000082b00000| Untracked 
|  44|0x0000000082c00000, 0x0000000082d00000, 0x0000000082d00000|100%| O|  |TAMS 0x0000000082c00000| PB 0x0000000082c00000| Untracked 
|  45|0x0000000082d00000, 0x0000000082e00000, 0x0000000082e00000|100%| O|  |TAMS 0x0000000082d00000| PB 0x0000000082d00000| Untracked 
|  46|0x0000000082e00000, 0x0000000082f00000, 0x0000000082f00000|100%|HS|  |TAMS 0x0000000082e00000| PB 0x0000000082e00000| Complete 
|  47|0x0000000082f00000, 0x0000000083000000, 0x0000000083000000|100%|HC|  |TAMS 0x0000000082f00000| PB 0x0000000082f00000| Complete 
|  48|0x0000000083000000, 0x0000000083100000, 0x0000000083100000|100%| O|  |TAMS 0x0000000083000000| PB 0x0000000083000000| Untracked 
|  49|0x0000000083100000, 0x0000000083200000, 0x0000000083200000|100%| O|  |TAMS 0x0000000083100000| PB 0x0000000083100000| Untracked 
|  50|0x0000000083200000, 0x0000000083300000, 0x0000000083300000|100%| O|  |TAMS 0x0000000083200000| PB 0x0000000083200000| Untracked 
|  51|0x0000000083300000, 0x0000000083400000, 0x0000000083400000|100%| O|  |TAMS 0x0000000083300000| PB 0x0000000083300000| Untracked 
|  52|0x0000000083400000, 0x0000000083500000, 0x0000000083500000|100%|HS|  |TAMS 0x0000000083400000| PB 0x0000000083400000| Complete 
|  53|0x0000000083500000, 0x0000000083600000, 0x0000000083600000|100%|HC|  |TAMS 0x0000000083500000| PB 0x0000000083500000| Complete 
|  54|0x0000000083600000, 0x0000000083700000, 0x0000000083700000|100%| O|  |TAMS 0x0000000083600000| PB 0x0000000083600000| Untracked 
|  55|0x0000000083700000, 0x0000000083800000, 0x0000000083800000|100%| O|  |TAMS 0x0000000083700000| PB 0x0000000083700000| Untracked 
|  56|0x0000000083800000, 0x0000000083900000, 0x0000000083900000|100%| O|  |TAMS 0x0000000083800000| PB 0x0000000083800000| Untracked 
|  57|0x0000000083900000, 0x0000000083a00000, 0x0000000083a00000|100%| O|  |TAMS 0x0000000083900000| PB 0x0000000083900000| Untracked 
|  58|0x0000000083a00000, 0x0000000083b00000, 0x0000000083b00000|100%| O|  |TAMS 0x0000000083a00000| PB 0x0000000083a00000| Untracked 
|  59|0x0000000083b00000, 0x0000000083c00000, 0x0000000083c00000|100%|HS|  |TAMS 0x0000000083b00000| PB 0x0000000083b00000| Complete 
|  60|0x0000000083c00000, 0x0000000083d00000, 0x0000000083d00000|100%|HC|  |TAMS 0x0000000083c00000| PB 0x0000000083c00000| Complete 
|  61|0x0000000083d00000, 0x0000000083e00000, 0x0000000083e00000|100%|HC|  |TAMS 0x0000000083d00000| PB 0x0000000083d00000| Complete 
|  62|0x0000000083e00000, 0x0000000083f00000, 0x0000000083f00000|100%|HC|  |TAMS 0x0000000083e00000| PB 0x0000000083e00000| Complete 
|  63|0x0000000083f00000, 0x0000000084000000, 0x0000000084000000|100%|HS|  |TAMS 0x0000000083f00000| PB 0x0000000083f00000| Complete 
|  64|0x0000000084000000, 0x0000000084100000, 0x0000000084100000|100%|HC|  |TAMS 0x0000000084000000| PB 0x0000000084000000| Complete 
|  65|0x0000000084100000, 0x0000000084200000, 0x0000000084200000|100%|HC|  |TAMS 0x0000000084100000| PB 0x0000000084100000| Complete 
|  66|0x0000000084200000, 0x0000000084300000, 0x0000000084300000|100%|HC|  |TAMS 0x0000000084200000| PB 0x0000000084200000| Complete 
|  67|0x0000000084300000, 0x0000000084400000, 0x0000000084400000|100%| O|  |TAMS 0x0000000084300000| PB 0x0000000084300000| Untracked 
|  68|0x0000000084400000, 0x0000000084500000, 0x0000000084500000|100%| O|  |TAMS 0x0000000084400000| PB 0x0000000084400000| Untracked 
|  69|0x0000000084500000, 0x0000000084600000, 0x0000000084600000|100%| O|  |TAMS 0x0000000084500000| PB 0x0000000084500000| Untracked 
|  70|0x0000000084600000, 0x0000000084700000, 0x0000000084700000|100%| O|  |TAMS 0x0000000084600000| PB 0x0000000084600000| Untracked 
|  71|0x0000000084700000, 0x0000000084800000, 0x0000000084800000|100%| O|  |TAMS 0x0000000084700000| PB 0x0000000084700000| Untracked 
|  72|0x0000000084800000, 0x0000000084900000, 0x0000000084900000|100%| O|  |TAMS 0x0000000084800000| PB 0x0000000084800000| Untracked 
|  73|0x0000000084900000, 0x0000000084a00000, 0x0000000084a00000|100%|HS|  |TAMS 0x0000000084900000| PB 0x0000000084900000| Complete 
|  74|0x0000000084a00000, 0x0000000084b00000, 0x0000000084b00000|100%| O|  |TAMS 0x0000000084a00000| PB 0x0000000084a00000| Untracked 
|  75|0x0000000084b00000, 0x0000000084c00000, 0x0000000084c00000|100%| O|  |TAMS 0x0000000084b00000| PB 0x0000000084b00000| Untracked 
|  76|0x0000000084c00000, 0x0000000084d00000, 0x0000000084d00000|100%| O|  |TAMS 0x0000000084c00000| PB 0x0000000084c00000| Untracked 
|  77|0x0000000084d00000, 0x0000000084e00000, 0x0000000084e00000|100%| O|  |TAMS 0x0000000084d00000| PB 0x0000000084d00000| Untracked 
|  78|0x0000000084e00000, 0x0000000084f00000, 0x0000000084f00000|100%| O|  |TAMS 0x0000000084e00000| PB 0x0000000084e00000| Untracked 
|  79|0x0000000084f00000, 0x0000000085000000, 0x0000000085000000|100%|HS|  |TAMS 0x0000000084f00000| PB 0x0000000084f00000| Complete 
|  80|0x0000000085000000, 0x0000000085100000, 0x0000000085100000|100%|HS|  |TAMS 0x0000000085000000| PB 0x0000000085000000| Complete 
|  81|0x0000000085100000, 0x0000000085200000, 0x0000000085200000|100%| O|  |TAMS 0x0000000085100000| PB 0x0000000085100000| Untracked 
|  82|0x0000000085200000, 0x0000000085300000, 0x0000000085300000|100%| O|  |TAMS 0x0000000085200000| PB 0x0000000085200000| Untracked 
|  83|0x0000000085300000, 0x0000000085400000, 0x0000000085400000|100%| O|  |TAMS 0x0000000085300000| PB 0x0000000085300000| Untracked 
|  84|0x0000000085400000, 0x0000000085500000, 0x0000000085500000|100%| O|  |TAMS 0x0000000085400000| PB 0x0000000085400000| Untracked 
|  85|0x0000000085500000, 0x0000000085600000, 0x0000000085600000|100%|HS|  |TAMS 0x0000000085500000| PB 0x0000000085500000| Complete 
|  86|0x0000000085600000, 0x0000000085700000, 0x0000000085700000|100%| O|  |TAMS 0x0000000085600000| PB 0x0000000085600000| Untracked 
|  87|0x0000000085700000, 0x0000000085800000, 0x0000000085800000|100%|HS|  |TAMS 0x0000000085700000| PB 0x0000000085700000| Complete 
|  88|0x0000000085800000, 0x0000000085900000, 0x0000000085900000|100%| O|  |TAMS 0x0000000085800000| PB 0x0000000085800000| Untracked 
|  89|0x0000000085900000, 0x0000000085a00000, 0x0000000085a00000|100%| O|  |TAMS 0x0000000085900000| PB 0x0000000085900000| Untracked 
|  90|0x0000000085a00000, 0x0000000085b00000, 0x0000000085b00000|100%|HS|  |TAMS 0x0000000085a00000| PB 0x0000000085a00000| Complete 
|  91|0x0000000085b00000, 0x0000000085c00000, 0x0000000085c00000|100%| O|  |TAMS 0x0000000085b00000| PB 0x0000000085b00000| Untracked 
|  92|0x0000000085c00000, 0x0000000085d00000, 0x0000000085d00000|100%|HS|  |TAMS 0x0000000085c00000| PB 0x0000000085c00000| Complete 
|  93|0x0000000085d00000, 0x0000000085e00000, 0x0000000085e00000|100%|HS|  |TAMS 0x0000000085d00000| PB 0x0000000085d00000| Complete 
|  94|0x0000000085e00000, 0x0000000085f00000, 0x0000000085f00000|100%|HC|  |TAMS 0x0000000085e00000| PB 0x0000000085e00000| Complete 
|  95|0x0000000085f00000, 0x0000000086000000, 0x0000000086000000|100%| O|  |TAMS 0x0000000085f00000| PB 0x0000000085f00000| Untracked 
|  96|0x0000000086000000, 0x0000000086100000, 0x0000000086100000|100%| O|  |TAMS 0x0000000086000000| PB 0x0000000086000000| Untracked 
|  97|0x0000000086100000, 0x0000000086200000, 0x0000000086200000|100%| O|  |TAMS 0x0000000086100000| PB 0x0000000086100000| Untracked 
|  98|0x0000000086200000, 0x0000000086300000, 0x0000000086300000|100%| O|  |TAMS 0x0000000086200000| PB 0x0000000086200000| Untracked 
|  99|0x0000000086300000, 0x0000000086400000, 0x0000000086400000|100%| O|  |TAMS 0x0000000086300000| PB 0x0000000086300000| Untracked 
| 100|0x0000000086400000, 0x0000000086500000, 0x0000000086500000|100%| O|  |TAMS 0x0000000086400000| PB 0x0000000086400000| Untracked 
| 101|0x0000000086500000, 0x0000000086600000, 0x0000000086600000|100%| O|  |TAMS 0x0000000086500000| PB 0x0000000086500000| Untracked 
| 102|0x0000000086600000, 0x0000000086700000, 0x0000000086700000|100%| O|  |TAMS 0x0000000086600000| PB 0x0000000086600000| Untracked 
| 103|0x0000000086700000, 0x0000000086800000, 0x0000000086800000|100%| O|  |TAMS 0x0000000086700000| PB 0x0000000086700000| Untracked 
| 104|0x0000000086800000, 0x0000000086900000, 0x0000000086900000|100%| O|  |TAMS 0x0000000086800000| PB 0x0000000086800000| Untracked 
| 105|0x0000000086900000, 0x0000000086a00000, 0x0000000086a00000|100%| O|  |TAMS 0x0000000086900000| PB 0x0000000086900000| Untracked 
| 106|0x0000000086a00000, 0x0000000086b00000, 0x0000000086b00000|100%| O|  |TAMS 0x0000000086a00000| PB 0x0000000086a00000| Untracked 
| 107|0x0000000086b00000, 0x0000000086c00000, 0x0000000086c00000|100%| O|  |TAMS 0x0000000086b00000| PB 0x0000000086b00000| Untracked 
| 108|0x0000000086c00000, 0x0000000086d00000, 0x0000000086d00000|100%| O|  |TAMS 0x0000000086c00000| PB 0x0000000086c00000| Untracked 
| 109|0x0000000086d00000, 0x0000000086e00000, 0x0000000086e00000|100%| O|  |TAMS 0x0000000086d00000| PB 0x0000000086d00000| Untracked 
| 110|0x0000000086e00000, 0x0000000086f00000, 0x0000000086f00000|100%| O|  |TAMS 0x0000000086e00000| PB 0x0000000086e00000| Untracked 
| 111|0x0000000086f00000, 0x0000000087000000, 0x0000000087000000|100%| O|  |TAMS 0x0000000086f00000| PB 0x0000000086f00000| Untracked 
| 112|0x0000000087000000, 0x0000000087100000, 0x0000000087100000|100%| O|  |TAMS 0x0000000087000000| PB 0x0000000087000000| Untracked 
| 113|0x0000000087100000, 0x0000000087200000, 0x0000000087200000|100%| O|  |TAMS 0x0000000087100000| PB 0x0000000087100000| Untracked 
| 114|0x0000000087200000, 0x0000000087300000, 0x0000000087300000|100%| O|  |TAMS 0x0000000087200000| PB 0x0000000087200000| Untracked 
| 115|0x0000000087300000, 0x0000000087400000, 0x0000000087400000|100%| O|  |TAMS 0x0000000087300000| PB 0x0000000087300000| Untracked 
| 116|0x0000000087400000, 0x0000000087500000, 0x0000000087500000|100%| O|  |TAMS 0x0000000087400000| PB 0x0000000087400000| Untracked 
| 117|0x0000000087500000, 0x0000000087600000, 0x0000000087600000|100%| O|  |TAMS 0x0000000087500000| PB 0x0000000087500000| Untracked 
| 118|0x0000000087600000, 0x0000000087700000, 0x0000000087700000|100%| O|  |TAMS 0x0000000087600000| PB 0x0000000087600000| Untracked 
| 119|0x0000000087700000, 0x0000000087800000, 0x0000000087800000|100%| O|  |TAMS 0x0000000087700000| PB 0x0000000087700000| Untracked 
| 120|0x0000000087800000, 0x0000000087900000, 0x0000000087900000|100%| O|  |TAMS 0x0000000087800000| PB 0x0000000087800000| Untracked 
| 121|0x0000000087900000, 0x0000000087a00000, 0x0000000087a00000|100%| O|  |TAMS 0x0000000087900000| PB 0x0000000087900000| Untracked 
| 122|0x0000000087a00000, 0x0000000087b00000, 0x0000000087b00000|100%| O|  |TAMS 0x0000000087a00000| PB 0x0000000087a00000| Untracked 
| 123|0x0000000087b00000, 0x0000000087c00000, 0x0000000087c00000|100%| O|  |TAMS 0x0000000087b00000| PB 0x0000000087b00000| Untracked 
| 124|0x0000000087c00000, 0x0000000087d00000, 0x0000000087d00000|100%| O|  |TAMS 0x0000000087c00000| PB 0x0000000087c00000| Untracked 
| 125|0x0000000087d00000, 0x0000000087e00000, 0x0000000087e00000|100%| O|  |TAMS 0x0000000087d00000| PB 0x0000000087d00000| Untracked 
| 126|0x0000000087e00000, 0x0000000087f00000, 0x0000000087f00000|100%| O|  |TAMS 0x0000000087e00000| PB 0x0000000087e00000| Untracked 
| 127|0x0000000087f00000, 0x0000000088000000, 0x0000000088000000|100%| O|  |TAMS 0x0000000087f00000| PB 0x0000000087f00000| Untracked 
| 128|0x0000000088000000, 0x0000000088100000, 0x0000000088100000|100%| O|  |TAMS 0x0000000088000000| PB 0x0000000088000000| Untracked 
| 129|0x0000000088100000, 0x0000000088200000, 0x0000000088200000|100%| O|  |TAMS 0x0000000088100000| PB 0x0000000088100000| Untracked 
| 130|0x0000000088200000, 0x0000000088300000, 0x0000000088300000|100%| O|  |TAMS 0x0000000088200000| PB 0x0000000088200000| Untracked 
| 131|0x0000000088300000, 0x0000000088400000, 0x0000000088400000|100%| O|  |TAMS 0x0000000088300000| PB 0x0000000088300000| Untracked 
| 132|0x0000000088400000, 0x0000000088500000, 0x0000000088500000|100%| O|  |TAMS 0x0000000088400000| PB 0x0000000088400000| Untracked 
| 133|0x0000000088500000, 0x0000000088600000, 0x0000000088600000|100%| O|  |TAMS 0x0000000088500000| PB 0x0000000088500000| Untracked 
| 134|0x0000000088600000, 0x0000000088700000, 0x0000000088700000|100%| O|  |TAMS 0x0000000088600000| PB 0x0000000088600000| Untracked 
| 135|0x0000000088700000, 0x0000000088800000, 0x0000000088800000|100%| O|  |TAMS 0x0000000088700000| PB 0x0000000088700000| Untracked 
| 136|0x0000000088800000, 0x0000000088900000, 0x0000000088900000|100%| O|  |TAMS 0x0000000088800000| PB 0x0000000088800000| Untracked 
| 137|0x0000000088900000, 0x0000000088a00000, 0x0000000088a00000|100%| O|  |TAMS 0x0000000088900000| PB 0x0000000088900000| Untracked 
| 138|0x0000000088a00000, 0x0000000088b00000, 0x0000000088b00000|100%| O|  |TAMS 0x0000000088a00000| PB 0x0000000088a00000| Untracked 
| 139|0x0000000088b00000, 0x0000000088c00000, 0x0000000088c00000|100%| O|  |TAMS 0x0000000088b00000| PB 0x0000000088b00000| Untracked 
| 140|0x0000000088c00000, 0x0000000088d00000, 0x0000000088d00000|100%| O|  |TAMS 0x0000000088c00000| PB 0x0000000088c00000| Untracked 
| 141|0x0000000088d00000, 0x0000000088e00000, 0x0000000088e00000|100%| O|  |TAMS 0x0000000088d00000| PB 0x0000000088d00000| Untracked 
| 142|0x0000000088e00000, 0x0000000088f00000, 0x0000000088f00000|100%| O|  |TAMS 0x0000000088e00000| PB 0x0000000088e00000| Untracked 
| 143|0x0000000088f00000, 0x0000000089000000, 0x0000000089000000|100%| O|  |TAMS 0x0000000088f00000| PB 0x0000000088f00000| Untracked 
| 144|0x0000000089000000, 0x0000000089100000, 0x0000000089100000|100%| O|  |TAMS 0x0000000089000000| PB 0x0000000089000000| Untracked 
| 145|0x0000000089100000, 0x0000000089200000, 0x0000000089200000|100%| O|  |TAMS 0x0000000089100000| PB 0x0000000089100000| Untracked 
| 146|0x0000000089200000, 0x0000000089300000, 0x0000000089300000|100%| O|  |TAMS 0x0000000089200000| PB 0x0000000089200000| Untracked 
| 147|0x0000000089300000, 0x0000000089400000, 0x0000000089400000|100%| O|  |TAMS 0x0000000089300000| PB 0x0000000089300000| Untracked 
| 148|0x0000000089400000, 0x0000000089500000, 0x0000000089500000|100%| O|  |TAMS 0x0000000089400000| PB 0x0000000089400000| Untracked 
| 149|0x0000000089500000, 0x0000000089600000, 0x0000000089600000|100%| O|  |TAMS 0x0000000089500000| PB 0x0000000089500000| Untracked 
| 150|0x0000000089600000, 0x0000000089700000, 0x0000000089700000|100%| O|  |TAMS 0x0000000089600000| PB 0x0000000089600000| Untracked 
| 151|0x0000000089700000, 0x0000000089800000, 0x0000000089800000|100%| O|  |TAMS 0x0000000089700000| PB 0x0000000089700000| Untracked 
| 152|0x0000000089800000, 0x0000000089900000, 0x0000000089900000|100%| O|  |TAMS 0x0000000089800000| PB 0x0000000089800000| Untracked 
| 153|0x0000000089900000, 0x0000000089a00000, 0x0000000089a00000|100%| O|Cm|TAMS 0x0000000089900000| PB 0x0000000089900000| Complete 
| 154|0x0000000089a00000, 0x0000000089b00000, 0x0000000089b00000|100%| O|  |TAMS 0x0000000089a00000| PB 0x0000000089a00000| Untracked 
| 155|0x0000000089b00000, 0x0000000089c00000, 0x0000000089c00000|100%| O|  |TAMS 0x0000000089b00000| PB 0x0000000089b00000| Untracked 
| 156|0x0000000089c00000, 0x0000000089d00000, 0x0000000089d00000|100%| O|  |TAMS 0x0000000089c00000| PB 0x0000000089c00000| Untracked 
| 157|0x0000000089d00000, 0x0000000089e00000, 0x0000000089e00000|100%| O|  |TAMS 0x0000000089d00000| PB 0x0000000089d00000| Untracked 
| 158|0x0000000089e00000, 0x0000000089f00000, 0x0000000089f00000|100%| O|  |TAMS 0x0000000089e00000| PB 0x0000000089e00000| Untracked 
| 159|0x0000000089f00000, 0x000000008a000000, 0x000000008a000000|100%| O|  |TAMS 0x0000000089f00000| PB 0x0000000089f00000| Untracked 
| 160|0x000000008a000000, 0x000000008a100000, 0x000000008a100000|100%| O|  |TAMS 0x000000008a000000| PB 0x000000008a000000| Untracked 
| 161|0x000000008a100000, 0x000000008a200000, 0x000000008a200000|100%| O|  |TAMS 0x000000008a100000| PB 0x000000008a100000| Untracked 
| 162|0x000000008a200000, 0x000000008a300000, 0x000000008a300000|100%| O|  |TAMS 0x000000008a200000| PB 0x000000008a200000| Untracked 
| 163|0x000000008a300000, 0x000000008a400000, 0x000000008a400000|100%| O|Cm|TAMS 0x000000008a300000| PB 0x000000008a300000| Complete 
| 164|0x000000008a400000, 0x000000008a500000, 0x000000008a500000|100%| O|  |TAMS 0x000000008a400000| PB 0x000000008a400000| Untracked 
| 165|0x000000008a500000, 0x000000008a600000, 0x000000008a600000|100%| O|  |TAMS 0x000000008a500000| PB 0x000000008a500000| Untracked 
| 166|0x000000008a600000, 0x000000008a700000, 0x000000008a700000|100%| O|  |TAMS 0x000000008a600000| PB 0x000000008a600000| Untracked 
| 167|0x000000008a700000, 0x000000008a800000, 0x000000008a800000|100%| O|  |TAMS 0x000000008a700000| PB 0x000000008a700000| Untracked 
| 168|0x000000008a800000, 0x000000008a900000, 0x000000008a900000|100%| O|  |TAMS 0x000000008a800000| PB 0x000000008a800000| Untracked 
| 169|0x000000008a900000, 0x000000008aa00000, 0x000000008aa00000|100%| O|  |TAMS 0x000000008a900000| PB 0x000000008a900000| Untracked 
| 170|0x000000008aa00000, 0x000000008ab00000, 0x000000008ab00000|100%| O|  |TAMS 0x000000008aa00000| PB 0x000000008aa00000| Untracked 
| 171|0x000000008ab00000, 0x000000008ac00000, 0x000000008ac00000|100%| O|  |TAMS 0x000000008ab00000| PB 0x000000008ab00000| Untracked 
| 172|0x000000008ac00000, 0x000000008ad00000, 0x000000008ad00000|100%| O|  |TAMS 0x000000008ac00000| PB 0x000000008ac00000| Untracked 
| 173|0x000000008ad00000, 0x000000008ae00000, 0x000000008ae00000|100%| O|  |TAMS 0x000000008ad00000| PB 0x000000008ad00000| Untracked 
| 174|0x000000008ae00000, 0x000000008af00000, 0x000000008af00000|100%| O|  |TAMS 0x000000008ae00000| PB 0x000000008ae00000| Untracked 
| 175|0x000000008af00000, 0x000000008b000000, 0x000000008b000000|100%| O|  |TAMS 0x000000008af00000| PB 0x000000008af00000| Untracked 
| 176|0x000000008b000000, 0x000000008b100000, 0x000000008b100000|100%| O|  |TAMS 0x000000008b000000| PB 0x000000008b000000| Untracked 
| 177|0x000000008b100000, 0x000000008b200000, 0x000000008b200000|100%| O|  |TAMS 0x000000008b100000| PB 0x000000008b100000| Untracked 
| 178|0x000000008b200000, 0x000000008b300000, 0x000000008b300000|100%| O|  |TAMS 0x000000008b200000| PB 0x000000008b200000| Untracked 
| 179|0x000000008b300000, 0x000000008b400000, 0x000000008b400000|100%| O|  |TAMS 0x000000008b300000| PB 0x000000008b300000| Untracked 
| 180|0x000000008b400000, 0x000000008b500000, 0x000000008b500000|100%| O|  |TAMS 0x000000008b400000| PB 0x000000008b400000| Untracked 
| 181|0x000000008b500000, 0x000000008b600000, 0x000000008b600000|100%| O|  |TAMS 0x000000008b500000| PB 0x000000008b500000| Untracked 
| 182|0x000000008b600000, 0x000000008b700000, 0x000000008b700000|100%| O|  |TAMS 0x000000008b600000| PB 0x000000008b600000| Untracked 
| 183|0x000000008b700000, 0x000000008b800000, 0x000000008b800000|100%| O|  |TAMS 0x000000008b700000| PB 0x000000008b700000| Untracked 
| 184|0x000000008b800000, 0x000000008b900000, 0x000000008b900000|100%| O|  |TAMS 0x000000008b800000| PB 0x000000008b800000| Untracked 
| 185|0x000000008b900000, 0x000000008ba00000, 0x000000008ba00000|100%| O|  |TAMS 0x000000008b900000| PB 0x000000008b900000| Untracked 
| 186|0x000000008ba00000, 0x000000008bb00000, 0x000000008bb00000|100%| O|  |TAMS 0x000000008ba00000| PB 0x000000008ba00000| Untracked 
| 187|0x000000008bb00000, 0x000000008bc00000, 0x000000008bc00000|100%| O|  |TAMS 0x000000008bb00000| PB 0x000000008bb00000| Untracked 
| 188|0x000000008bc00000, 0x000000008bd00000, 0x000000008bd00000|100%| O|  |TAMS 0x000000008bc00000| PB 0x000000008bc00000| Untracked 
| 189|0x000000008bd00000, 0x000000008be00000, 0x000000008be00000|100%| O|  |TAMS 0x000000008bd00000| PB 0x000000008bd00000| Untracked 
| 190|0x000000008be00000, 0x000000008bf00000, 0x000000008bf00000|100%| O|  |TAMS 0x000000008be00000| PB 0x000000008be00000| Untracked 
| 191|0x000000008bf00000, 0x000000008c000000, 0x000000008c000000|100%| O|  |TAMS 0x000000008bf00000| PB 0x000000008bf00000| Untracked 
| 192|0x000000008c000000, 0x000000008c100000, 0x000000008c100000|100%| O|  |TAMS 0x000000008c000000| PB 0x000000008c000000| Untracked 
| 193|0x000000008c100000, 0x000000008c200000, 0x000000008c200000|100%| O|  |TAMS 0x000000008c100000| PB 0x000000008c100000| Untracked 
| 194|0x000000008c200000, 0x000000008c300000, 0x000000008c300000|100%| O|  |TAMS 0x000000008c200000| PB 0x000000008c200000| Untracked 
| 195|0x000000008c300000, 0x000000008c400000, 0x000000008c400000|100%| O|  |TAMS 0x000000008c300000| PB 0x000000008c300000| Untracked 
| 196|0x000000008c400000, 0x000000008c500000, 0x000000008c500000|100%| O|Cm|TAMS 0x000000008c400000| PB 0x000000008c400000| Complete 
| 197|0x000000008c500000, 0x000000008c600000, 0x000000008c600000|100%| O|  |TAMS 0x000000008c500000| PB 0x000000008c500000| Untracked 
| 198|0x000000008c600000, 0x000000008c700000, 0x000000008c700000|100%| O|  |TAMS 0x000000008c600000| PB 0x000000008c600000| Untracked 
| 199|0x000000008c700000, 0x000000008c800000, 0x000000008c800000|100%| O|  |TAMS 0x000000008c700000| PB 0x000000008c700000| Untracked 
| 200|0x000000008c800000, 0x000000008c900000, 0x000000008c900000|100%| O|  |TAMS 0x000000008c800000| PB 0x000000008c800000| Untracked 
| 201|0x000000008c900000, 0x000000008ca00000, 0x000000008ca00000|100%|HS|  |TAMS 0x000000008c900000| PB 0x000000008c900000| Complete 
| 202|0x000000008ca00000, 0x000000008cb00000, 0x000000008cb00000|100%|HS|  |TAMS 0x000000008ca00000| PB 0x000000008ca00000| Complete 
| 203|0x000000008cb00000, 0x000000008cc00000, 0x000000008cc00000|100%|HS|  |TAMS 0x000000008cb00000| PB 0x000000008cb00000| Complete 
| 204|0x000000008cc00000, 0x000000008cd00000, 0x000000008cd00000|100%|HC|  |TAMS 0x000000008cc00000| PB 0x000000008cc00000| Complete 
| 205|0x000000008cd00000, 0x000000008ce00000, 0x000000008ce00000|100%| O|  |TAMS 0x000000008cd00000| PB 0x000000008cd00000| Untracked 
| 206|0x000000008ce00000, 0x000000008cf00000, 0x000000008cf00000|100%| O|  |TAMS 0x000000008ce00000| PB 0x000000008ce00000| Untracked 
| 207|0x000000008cf00000, 0x000000008d000000, 0x000000008d000000|100%| O|  |TAMS 0x000000008cf00000| PB 0x000000008cf00000| Untracked 
| 208|0x000000008d000000, 0x000000008d100000, 0x000000008d100000|100%| O|  |TAMS 0x000000008d000000| PB 0x000000008d000000| Untracked 
| 209|0x000000008d100000, 0x000000008d200000, 0x000000008d200000|100%| O|  |TAMS 0x000000008d100000| PB 0x000000008d100000| Untracked 
| 210|0x000000008d200000, 0x000000008d300000, 0x000000008d300000|100%| O|  |TAMS 0x000000008d200000| PB 0x000000008d200000| Untracked 
| 211|0x000000008d300000, 0x000000008d400000, 0x000000008d400000|100%| O|  |TAMS 0x000000008d300000| PB 0x000000008d300000| Untracked 
| 212|0x000000008d400000, 0x000000008d500000, 0x000000008d500000|100%| O|  |TAMS 0x000000008d400000| PB 0x000000008d400000| Untracked 
| 213|0x000000008d500000, 0x000000008d600000, 0x000000008d600000|100%| O|  |TAMS 0x000000008d500000| PB 0x000000008d500000| Untracked 
| 214|0x000000008d600000, 0x000000008d700000, 0x000000008d700000|100%| O|  |TAMS 0x000000008d600000| PB 0x000000008d600000| Untracked 
| 215|0x000000008d700000, 0x000000008d800000, 0x000000008d800000|100%| O|  |TAMS 0x000000008d700000| PB 0x000000008d700000| Untracked 
| 216|0x000000008d800000, 0x000000008d900000, 0x000000008d900000|100%| O|  |TAMS 0x000000008d800000| PB 0x000000008d800000| Untracked 
| 217|0x000000008d900000, 0x000000008da00000, 0x000000008da00000|100%| O|  |TAMS 0x000000008d900000| PB 0x000000008d900000| Untracked 
| 218|0x000000008da00000, 0x000000008db00000, 0x000000008db00000|100%|HS|  |TAMS 0x000000008da00000| PB 0x000000008da00000| Complete 
| 219|0x000000008db00000, 0x000000008dc00000, 0x000000008dc00000|100%|HS|  |TAMS 0x000000008db00000| PB 0x000000008db00000| Complete 
| 220|0x000000008dc00000, 0x000000008dd00000, 0x000000008dd00000|100%| O|  |TAMS 0x000000008dc00000| PB 0x000000008dc00000| Untracked 
| 221|0x000000008dd00000, 0x000000008de00000, 0x000000008de00000|100%| O|  |TAMS 0x000000008dd00000| PB 0x000000008dd00000| Untracked 
| 222|0x000000008de00000, 0x000000008df00000, 0x000000008df00000|100%| O|  |TAMS 0x000000008de00000| PB 0x000000008de00000| Untracked 
| 223|0x000000008df00000, 0x000000008e000000, 0x000000008e000000|100%| O|  |TAMS 0x000000008df00000| PB 0x000000008df00000| Untracked 
| 224|0x000000008e000000, 0x000000008e100000, 0x000000008e100000|100%| O|  |TAMS 0x000000008e000000| PB 0x000000008e000000| Untracked 
| 225|0x000000008e100000, 0x000000008e200000, 0x000000008e200000|100%| O|  |TAMS 0x000000008e100000| PB 0x000000008e100000| Untracked 
| 226|0x000000008e200000, 0x000000008e300000, 0x000000008e300000|100%| O|  |TAMS 0x000000008e200000| PB 0x000000008e200000| Untracked 
| 227|0x000000008e300000, 0x000000008e400000, 0x000000008e400000|100%| O|  |TAMS 0x000000008e300000| PB 0x000000008e300000| Untracked 
| 228|0x000000008e400000, 0x000000008e500000, 0x000000008e500000|100%| O|  |TAMS 0x000000008e400000| PB 0x000000008e400000| Untracked 
| 229|0x000000008e500000, 0x000000008e600000, 0x000000008e600000|100%| O|  |TAMS 0x000000008e500000| PB 0x000000008e500000| Untracked 
| 230|0x000000008e600000, 0x000000008e700000, 0x000000008e700000|100%| O|  |TAMS 0x000000008e600000| PB 0x000000008e600000| Untracked 
| 231|0x000000008e700000, 0x000000008e800000, 0x000000008e800000|100%| O|  |TAMS 0x000000008e700000| PB 0x000000008e700000| Untracked 
| 232|0x000000008e800000, 0x000000008e900000, 0x000000008e900000|100%| O|  |TAMS 0x000000008e800000| PB 0x000000008e800000| Untracked 
| 233|0x000000008e900000, 0x000000008ea00000, 0x000000008ea00000|100%| O|  |TAMS 0x000000008e900000| PB 0x000000008e900000| Untracked 
| 234|0x000000008ea00000, 0x000000008eb00000, 0x000000008eb00000|100%| O|  |TAMS 0x000000008ea00000| PB 0x000000008ea00000| Untracked 
| 235|0x000000008eb00000, 0x000000008ec00000, 0x000000008ec00000|100%| O|  |TAMS 0x000000008eb00000| PB 0x000000008eb00000| Untracked 
| 236|0x000000008ec00000, 0x000000008ed00000, 0x000000008ed00000|100%| O|  |TAMS 0x000000008ec00000| PB 0x000000008ec00000| Untracked 
| 237|0x000000008ed00000, 0x000000008ee00000, 0x000000008ee00000|100%| O|  |TAMS 0x000000008ed00000| PB 0x000000008ed00000| Untracked 
| 238|0x000000008ee00000, 0x000000008ef00000, 0x000000008ef00000|100%| O|  |TAMS 0x000000008ee00000| PB 0x000000008ee00000| Untracked 
| 239|0x000000008ef00000, 0x000000008f000000, 0x000000008f000000|100%| O|  |TAMS 0x000000008ef00000| PB 0x000000008ef00000| Untracked 
| 240|0x000000008f000000, 0x000000008f100000, 0x000000008f100000|100%| O|  |TAMS 0x000000008f000000| PB 0x000000008f000000| Untracked 
| 241|0x000000008f100000, 0x000000008f200000, 0x000000008f200000|100%| O|  |TAMS 0x000000008f100000| PB 0x000000008f100000| Untracked 
| 242|0x000000008f200000, 0x000000008f300000, 0x000000008f300000|100%| O|  |TAMS 0x000000008f200000| PB 0x000000008f200000| Untracked 
| 243|0x000000008f300000, 0x000000008f400000, 0x000000008f400000|100%| O|  |TAMS 0x000000008f300000| PB 0x000000008f300000| Untracked 
| 244|0x000000008f400000, 0x000000008f500000, 0x000000008f500000|100%| O|  |TAMS 0x000000008f400000| PB 0x000000008f400000| Untracked 
| 245|0x000000008f500000, 0x000000008f600000, 0x000000008f600000|100%| O|  |TAMS 0x000000008f500000| PB 0x000000008f500000| Untracked 
| 246|0x000000008f600000, 0x000000008f700000, 0x000000008f700000|100%| O|  |TAMS 0x000000008f600000| PB 0x000000008f600000| Untracked 
| 247|0x000000008f700000, 0x000000008f800000, 0x000000008f800000|100%| O|  |TAMS 0x000000008f700000| PB 0x000000008f700000| Untracked 
| 248|0x000000008f800000, 0x000000008f900000, 0x000000008f900000|100%|HS|  |TAMS 0x000000008f800000| PB 0x000000008f800000| Complete 
| 249|0x000000008f900000, 0x000000008fa00000, 0x000000008fa00000|100%| O|  |TAMS 0x000000008f900000| PB 0x000000008f900000| Untracked 
| 250|0x000000008fa00000, 0x000000008fb00000, 0x000000008fb00000|100%| O|  |TAMS 0x000000008fa00000| PB 0x000000008fa00000| Untracked 
| 251|0x000000008fb00000, 0x000000008fc00000, 0x000000008fc00000|100%| O|  |TAMS 0x000000008fb00000| PB 0x000000008fb00000| Untracked 
| 252|0x000000008fc00000, 0x000000008fd00000, 0x000000008fd00000|100%| O|  |TAMS 0x000000008fc00000| PB 0x000000008fc00000| Untracked 
| 253|0x000000008fd00000, 0x000000008fe00000, 0x000000008fe00000|100%| O|  |TAMS 0x000000008fd00000| PB 0x000000008fd00000| Untracked 
| 254|0x000000008fe00000, 0x000000008ff00000, 0x000000008ff00000|100%| O|  |TAMS 0x000000008fe00000| PB 0x000000008fe00000| Untracked 
| 255|0x000000008ff00000, 0x0000000090000000, 0x0000000090000000|100%| O|  |TAMS 0x000000008ff00000| PB 0x000000008ff00000| Untracked 
| 256|0x0000000090000000, 0x0000000090100000, 0x0000000090100000|100%| O|  |TAMS 0x0000000090000000| PB 0x0000000090000000| Untracked 
| 257|0x0000000090100000, 0x0000000090200000, 0x0000000090200000|100%| O|  |TAMS 0x0000000090100000| PB 0x0000000090100000| Untracked 
| 258|0x0000000090200000, 0x0000000090300000, 0x0000000090300000|100%| O|  |TAMS 0x0000000090200000| PB 0x0000000090200000| Untracked 
| 259|0x0000000090300000, 0x0000000090400000, 0x0000000090400000|100%| O|  |TAMS 0x0000000090300000| PB 0x0000000090300000| Untracked 
| 260|0x0000000090400000, 0x0000000090500000, 0x0000000090500000|100%| O|  |TAMS 0x0000000090400000| PB 0x0000000090400000| Untracked 
| 261|0x0000000090500000, 0x0000000090600000, 0x0000000090600000|100%| O|  |TAMS 0x0000000090500000| PB 0x0000000090500000| Untracked 
| 262|0x0000000090600000, 0x0000000090700000, 0x0000000090700000|100%| O|  |TAMS 0x0000000090600000| PB 0x0000000090600000| Untracked 
| 263|0x0000000090700000, 0x0000000090800000, 0x0000000090800000|100%| O|  |TAMS 0x0000000090700000| PB 0x0000000090700000| Untracked 
| 264|0x0000000090800000, 0x0000000090900000, 0x0000000090900000|100%| O|  |TAMS 0x0000000090800000| PB 0x0000000090800000| Untracked 
| 265|0x0000000090900000, 0x0000000090a00000, 0x0000000090a00000|100%| O|Cm|TAMS 0x0000000090900000| PB 0x0000000090900000| Complete 
| 266|0x0000000090a00000, 0x0000000090b00000, 0x0000000090b00000|100%| O|  |TAMS 0x0000000090a00000| PB 0x0000000090a00000| Untracked 
| 267|0x0000000090b00000, 0x0000000090c00000, 0x0000000090c00000|100%|HS|  |TAMS 0x0000000090b00000| PB 0x0000000090b00000| Complete 
| 268|0x0000000090c00000, 0x0000000090d00000, 0x0000000090d00000|100%|HS|  |TAMS 0x0000000090c00000| PB 0x0000000090c00000| Complete 
| 269|0x0000000090d00000, 0x0000000090e00000, 0x0000000090e00000|100%| O|  |TAMS 0x0000000090d00000| PB 0x0000000090d00000| Untracked 
| 270|0x0000000090e00000, 0x0000000090f00000, 0x0000000090f00000|100%| O|  |TAMS 0x0000000090e00000| PB 0x0000000090e00000| Untracked 
| 271|0x0000000090f00000, 0x0000000091000000, 0x0000000091000000|100%| O|  |TAMS 0x0000000090f00000| PB 0x0000000090f00000| Untracked 
| 272|0x0000000091000000, 0x0000000091100000, 0x0000000091100000|100%| O|  |TAMS 0x0000000091000000| PB 0x0000000091000000| Untracked 
| 273|0x0000000091100000, 0x0000000091200000, 0x0000000091200000|100%| O|  |TAMS 0x0000000091100000| PB 0x0000000091100000| Untracked 
| 274|0x0000000091200000, 0x0000000091300000, 0x0000000091300000|100%| O|  |TAMS 0x0000000091200000| PB 0x0000000091200000| Untracked 
| 275|0x0000000091300000, 0x0000000091400000, 0x0000000091400000|100%| O|  |TAMS 0x0000000091300000| PB 0x0000000091300000| Untracked 
| 276|0x0000000091400000, 0x0000000091500000, 0x0000000091500000|100%| O|  |TAMS 0x0000000091400000| PB 0x0000000091400000| Untracked 
| 277|0x0000000091500000, 0x0000000091600000, 0x0000000091600000|100%| O|  |TAMS 0x0000000091500000| PB 0x0000000091500000| Untracked 
| 278|0x0000000091600000, 0x0000000091700000, 0x0000000091700000|100%| O|Cm|TAMS 0x0000000091600000| PB 0x0000000091600000| Complete 
| 279|0x0000000091700000, 0x0000000091800000, 0x0000000091800000|100%| O|  |TAMS 0x0000000091700000| PB 0x0000000091700000| Untracked 
| 280|0x0000000091800000, 0x0000000091900000, 0x0000000091900000|100%| O|  |TAMS 0x0000000091800000| PB 0x0000000091800000| Untracked 
| 281|0x0000000091900000, 0x0000000091a00000, 0x0000000091a00000|100%| O|  |TAMS 0x0000000091900000| PB 0x0000000091900000| Untracked 
| 282|0x0000000091a00000, 0x0000000091b00000, 0x0000000091b00000|100%| O|  |TAMS 0x0000000091a00000| PB 0x0000000091a00000| Untracked 
| 283|0x0000000091b00000, 0x0000000091c00000, 0x0000000091c00000|100%| O|  |TAMS 0x0000000091b00000| PB 0x0000000091b00000| Untracked 
| 284|0x0000000091c00000, 0x0000000091d00000, 0x0000000091d00000|100%| O|  |TAMS 0x0000000091c00000| PB 0x0000000091c00000| Untracked 
| 285|0x0000000091d00000, 0x0000000091e00000, 0x0000000091e00000|100%| O|  |TAMS 0x0000000091d00000| PB 0x0000000091d00000| Untracked 
| 286|0x0000000091e00000, 0x0000000091f00000, 0x0000000091f00000|100%| O|  |TAMS 0x0000000091e00000| PB 0x0000000091e00000| Untracked 
| 287|0x0000000091f00000, 0x0000000092000000, 0x0000000092000000|100%| O|  |TAMS 0x0000000091f00000| PB 0x0000000091f00000| Untracked 
| 288|0x0000000092000000, 0x0000000092100000, 0x0000000092100000|100%| O|  |TAMS 0x0000000092000000| PB 0x0000000092000000| Untracked 
| 289|0x0000000092100000, 0x0000000092200000, 0x0000000092200000|100%| O|  |TAMS 0x0000000092100000| PB 0x0000000092100000| Untracked 
| 290|0x0000000092200000, 0x0000000092300000, 0x0000000092300000|100%| O|  |TAMS 0x0000000092200000| PB 0x0000000092200000| Untracked 
| 291|0x0000000092300000, 0x0000000092400000, 0x0000000092400000|100%| O|  |TAMS 0x0000000092300000| PB 0x0000000092300000| Untracked 
| 292|0x0000000092400000, 0x0000000092500000, 0x0000000092500000|100%| O|  |TAMS 0x0000000092400000| PB 0x0000000092400000| Untracked 
| 293|0x0000000092500000, 0x0000000092600000, 0x0000000092600000|100%| O|  |TAMS 0x0000000092500000| PB 0x0000000092500000| Untracked 
| 294|0x0000000092600000, 0x0000000092700000, 0x0000000092700000|100%| O|  |TAMS 0x0000000092600000| PB 0x0000000092600000| Untracked 
| 295|0x0000000092700000, 0x0000000092800000, 0x0000000092800000|100%| O|  |TAMS 0x0000000092700000| PB 0x0000000092700000| Untracked 
| 296|0x0000000092800000, 0x0000000092900000, 0x0000000092900000|100%| O|  |TAMS 0x0000000092800000| PB 0x0000000092800000| Untracked 
| 297|0x0000000092900000, 0x0000000092a00000, 0x0000000092a00000|100%| O|  |TAMS 0x0000000092900000| PB 0x0000000092900000| Untracked 
| 298|0x0000000092a00000, 0x0000000092b00000, 0x0000000092b00000|100%| O|Cm|TAMS 0x0000000092a00000| PB 0x0000000092a00000| Complete 
| 299|0x0000000092b00000, 0x0000000092c00000, 0x0000000092c00000|100%| O|  |TAMS 0x0000000092b00000| PB 0x0000000092b00000| Untracked 
| 300|0x0000000092c00000, 0x0000000092d00000, 0x0000000092d00000|100%| O|  |TAMS 0x0000000092c00000| PB 0x0000000092c00000| Untracked 
| 301|0x0000000092d00000, 0x0000000092e00000, 0x0000000092e00000|100%| O|Cm|TAMS 0x0000000092d00000| PB 0x0000000092d00000| Complete 
| 302|0x0000000092e00000, 0x0000000092f00000, 0x0000000092f00000|100%| O|Cm|TAMS 0x0000000092e00000| PB 0x0000000092e00000| Complete 
| 303|0x0000000092f00000, 0x0000000093000000, 0x0000000093000000|100%| O|  |TAMS 0x0000000092f00000| PB 0x0000000092f00000| Untracked 
| 304|0x0000000093000000, 0x0000000093100000, 0x0000000093100000|100%| O|  |TAMS 0x0000000093000000| PB 0x0000000093000000| Untracked 
| 305|0x0000000093100000, 0x0000000093200000, 0x0000000093200000|100%| O|  |TAMS 0x0000000093100000| PB 0x0000000093100000| Untracked 
| 306|0x0000000093200000, 0x0000000093300000, 0x0000000093300000|100%| O|  |TAMS 0x0000000093200000| PB 0x0000000093200000| Untracked 
| 307|0x0000000093300000, 0x0000000093400000, 0x0000000093400000|100%| O|  |TAMS 0x0000000093300000| PB 0x0000000093300000| Untracked 
| 308|0x0000000093400000, 0x0000000093500000, 0x0000000093500000|100%| O|  |TAMS 0x0000000093400000| PB 0x0000000093400000| Untracked 
| 309|0x0000000093500000, 0x0000000093600000, 0x0000000093600000|100%| O|  |TAMS 0x0000000093500000| PB 0x0000000093500000| Untracked 
| 310|0x0000000093600000, 0x0000000093700000, 0x0000000093700000|100%| O|  |TAMS 0x0000000093600000| PB 0x0000000093600000| Untracked 
| 311|0x0000000093700000, 0x0000000093800000, 0x0000000093800000|100%| O|  |TAMS 0x0000000093700000| PB 0x0000000093700000| Untracked 
| 312|0x0000000093800000, 0x0000000093900000, 0x0000000093900000|100%| O|  |TAMS 0x0000000093800000| PB 0x0000000093800000| Untracked 
| 313|0x0000000093900000, 0x0000000093a00000, 0x0000000093a00000|100%| O|  |TAMS 0x0000000093900000| PB 0x0000000093900000| Untracked 
| 314|0x0000000093a00000, 0x0000000093b00000, 0x0000000093b00000|100%| O|  |TAMS 0x0000000093a00000| PB 0x0000000093a00000| Untracked 
| 315|0x0000000093b00000, 0x0000000093c00000, 0x0000000093c00000|100%| O|  |TAMS 0x0000000093b00000| PB 0x0000000093b00000| Untracked 
| 316|0x0000000093c00000, 0x0000000093d00000, 0x0000000093d00000|100%| O|  |TAMS 0x0000000093c00000| PB 0x0000000093c00000| Untracked 
| 317|0x0000000093d00000, 0x0000000093e00000, 0x0000000093e00000|100%| O|  |TAMS 0x0000000093d00000| PB 0x0000000093d00000| Untracked 
| 318|0x0000000093e00000, 0x0000000093f00000, 0x0000000093f00000|100%| O|  |TAMS 0x0000000093e00000| PB 0x0000000093e00000| Untracked 
| 319|0x0000000093f00000, 0x0000000094000000, 0x0000000094000000|100%| O|  |TAMS 0x0000000093f00000| PB 0x0000000093f00000| Untracked 
| 320|0x0000000094000000, 0x0000000094100000, 0x0000000094100000|100%| O|  |TAMS 0x0000000094000000| PB 0x0000000094000000| Untracked 
| 321|0x0000000094100000, 0x0000000094200000, 0x0000000094200000|100%| O|  |TAMS 0x0000000094100000| PB 0x0000000094100000| Untracked 
| 322|0x0000000094200000, 0x0000000094300000, 0x0000000094300000|100%| O|  |TAMS 0x0000000094200000| PB 0x0000000094200000| Untracked 
| 323|0x0000000094300000, 0x0000000094400000, 0x0000000094400000|100%| O|  |TAMS 0x0000000094300000| PB 0x0000000094300000| Untracked 
| 324|0x0000000094400000, 0x0000000094500000, 0x0000000094500000|100%| O|  |TAMS 0x0000000094400000| PB 0x0000000094400000| Untracked 
| 325|0x0000000094500000, 0x0000000094600000, 0x0000000094600000|100%| O|  |TAMS 0x0000000094500000| PB 0x0000000094500000| Untracked 
| 326|0x0000000094600000, 0x0000000094700000, 0x0000000094700000|100%| O|  |TAMS 0x0000000094600000| PB 0x0000000094600000| Untracked 
| 327|0x0000000094700000, 0x00000000947c8630, 0x0000000094800000| 78%| O|  |TAMS 0x0000000094700000| PB 0x0000000094700000| Untracked 
| 328|0x0000000094800000, 0x0000000094900000, 0x0000000094900000|100%|HS|  |TAMS 0x0000000094800000| PB 0x0000000094800000| Complete 
| 329|0x0000000094900000, 0x0000000094900000, 0x0000000094a00000|  0%| F|  |TAMS 0x0000000094900000| PB 0x0000000094900000| Untracked 
| 330|0x0000000094a00000, 0x0000000094a00000, 0x0000000094b00000|  0%| F|  |TAMS 0x0000000094a00000| PB 0x0000000094a00000| Untracked 
| 331|0x0000000094b00000, 0x0000000094b00000, 0x0000000094c00000|  0%| F|  |TAMS 0x0000000094b00000| PB 0x0000000094b00000| Untracked 
| 332|0x0000000094c00000, 0x0000000094c00000, 0x0000000094d00000|  0%| F|  |TAMS 0x0000000094c00000| PB 0x0000000094c00000| Untracked 
| 333|0x0000000094d00000, 0x0000000094d00000, 0x0000000094e00000|  0%| F|  |TAMS 0x0000000094d00000| PB 0x0000000094d00000| Untracked 
| 334|0x0000000094e00000, 0x0000000094e00000, 0x0000000094f00000|  0%| F|  |TAMS 0x0000000094e00000| PB 0x0000000094e00000| Untracked 
| 335|0x0000000094f00000, 0x0000000094f00000, 0x0000000095000000|  0%| F|  |TAMS 0x0000000094f00000| PB 0x0000000094f00000| Untracked 
| 336|0x0000000095000000, 0x0000000095000000, 0x0000000095100000|  0%| F|  |TAMS 0x0000000095000000| PB 0x0000000095000000| Untracked 
| 337|0x0000000095100000, 0x0000000095100000, 0x0000000095200000|  0%| F|  |TAMS 0x0000000095100000| PB 0x0000000095100000| Untracked 
| 338|0x0000000095200000, 0x0000000095200000, 0x0000000095300000|  0%| F|  |TAMS 0x0000000095200000| PB 0x0000000095200000| Untracked 
| 339|0x0000000095300000, 0x0000000095300000, 0x0000000095400000|  0%| F|  |TAMS 0x0000000095300000| PB 0x0000000095300000| Untracked 
| 340|0x0000000095400000, 0x0000000095400000, 0x0000000095500000|  0%| F|  |TAMS 0x0000000095400000| PB 0x0000000095400000| Untracked 
| 341|0x0000000095500000, 0x0000000095500000, 0x0000000095600000|  0%| F|  |TAMS 0x0000000095500000| PB 0x0000000095500000| Untracked 
| 342|0x0000000095600000, 0x0000000095600000, 0x0000000095700000|  0%| F|  |TAMS 0x0000000095600000| PB 0x0000000095600000| Untracked 
| 343|0x0000000095700000, 0x0000000095700000, 0x0000000095800000|  0%| F|  |TAMS 0x0000000095700000| PB 0x0000000095700000| Untracked 
| 344|0x0000000095800000, 0x0000000095800000, 0x0000000095900000|  0%| F|  |TAMS 0x0000000095800000| PB 0x0000000095800000| Untracked 
| 345|0x0000000095900000, 0x0000000095900000, 0x0000000095a00000|  0%| F|  |TAMS 0x0000000095900000| PB 0x0000000095900000| Untracked 
| 346|0x0000000095a00000, 0x0000000095a00000, 0x0000000095b00000|  0%| F|  |TAMS 0x0000000095a00000| PB 0x0000000095a00000| Untracked 
| 347|0x0000000095b00000, 0x0000000095b00000, 0x0000000095c00000|  0%| F|  |TAMS 0x0000000095b00000| PB 0x0000000095b00000| Untracked 
| 348|0x0000000095c00000, 0x0000000095c00000, 0x0000000095d00000|  0%| F|  |TAMS 0x0000000095c00000| PB 0x0000000095c00000| Untracked 
| 349|0x0000000095d00000, 0x0000000095d00000, 0x0000000095e00000|  0%| F|  |TAMS 0x0000000095d00000| PB 0x0000000095d00000| Untracked 
| 350|0x0000000095e00000, 0x0000000095e00000, 0x0000000095f00000|  0%| F|  |TAMS 0x0000000095e00000| PB 0x0000000095e00000| Untracked 
| 351|0x0000000095f00000, 0x0000000095f00000, 0x0000000096000000|  0%| F|  |TAMS 0x0000000095f00000| PB 0x0000000095f00000| Untracked 
| 352|0x0000000096000000, 0x0000000096000000, 0x0000000096100000|  0%| F|  |TAMS 0x0000000096000000| PB 0x0000000096000000| Untracked 
| 353|0x0000000096100000, 0x0000000096100000, 0x0000000096200000|  0%| F|  |TAMS 0x0000000096100000| PB 0x0000000096100000| Untracked 
| 354|0x0000000096200000, 0x0000000096200000, 0x0000000096300000|  0%| F|  |TAMS 0x0000000096200000| PB 0x0000000096200000| Untracked 
| 355|0x0000000096300000, 0x0000000096300000, 0x0000000096400000|  0%| F|  |TAMS 0x0000000096300000| PB 0x0000000096300000| Untracked 
| 356|0x0000000096400000, 0x0000000096400000, 0x0000000096500000|  0%| F|  |TAMS 0x0000000096400000| PB 0x0000000096400000| Untracked 
| 357|0x0000000096500000, 0x0000000096500000, 0x0000000096600000|  0%| F|  |TAMS 0x0000000096500000| PB 0x0000000096500000| Untracked 
| 358|0x0000000096600000, 0x0000000096600000, 0x0000000096700000|  0%| F|  |TAMS 0x0000000096600000| PB 0x0000000096600000| Untracked 
| 359|0x0000000096700000, 0x0000000096700000, 0x0000000096800000|  0%| F|  |TAMS 0x0000000096700000| PB 0x0000000096700000| Untracked 
| 360|0x0000000096800000, 0x0000000096800000, 0x0000000096900000|  0%| F|  |TAMS 0x0000000096800000| PB 0x0000000096800000| Untracked 
| 361|0x0000000096900000, 0x0000000096900000, 0x0000000096a00000|  0%| F|  |TAMS 0x0000000096900000| PB 0x0000000096900000| Untracked 
| 362|0x0000000096a00000, 0x0000000096a00000, 0x0000000096b00000|  0%| F|  |TAMS 0x0000000096a00000| PB 0x0000000096a00000| Untracked 
| 363|0x0000000096b00000, 0x0000000096b00000, 0x0000000096c00000|  0%| F|  |TAMS 0x0000000096b00000| PB 0x0000000096b00000| Untracked 
| 364|0x0000000096c00000, 0x0000000096c00000, 0x0000000096d00000|  0%| F|  |TAMS 0x0000000096c00000| PB 0x0000000096c00000| Untracked 
| 365|0x0000000096d00000, 0x0000000096d00000, 0x0000000096e00000|  0%| F|  |TAMS 0x0000000096d00000| PB 0x0000000096d00000| Untracked 
| 366|0x0000000096e00000, 0x0000000096e00000, 0x0000000096f00000|  0%| F|  |TAMS 0x0000000096e00000| PB 0x0000000096e00000| Untracked 
| 367|0x0000000096f00000, 0x0000000096f00000, 0x0000000097000000|  0%| F|  |TAMS 0x0000000096f00000| PB 0x0000000096f00000| Untracked 
| 368|0x0000000097000000, 0x0000000097000000, 0x0000000097100000|  0%| F|  |TAMS 0x0000000097000000| PB 0x0000000097000000| Untracked 
| 369|0x0000000097100000, 0x0000000097100000, 0x0000000097200000|  0%| F|  |TAMS 0x0000000097100000| PB 0x0000000097100000| Untracked 
| 370|0x0000000097200000, 0x0000000097200000, 0x0000000097300000|  0%| F|  |TAMS 0x0000000097200000| PB 0x0000000097200000| Untracked 
| 371|0x0000000097300000, 0x0000000097300000, 0x0000000097400000|  0%| F|  |TAMS 0x0000000097300000| PB 0x0000000097300000| Untracked 
| 372|0x0000000097400000, 0x0000000097400000, 0x0000000097500000|  0%| F|  |TAMS 0x0000000097400000| PB 0x0000000097400000| Untracked 
| 373|0x0000000097500000, 0x0000000097500000, 0x0000000097600000|  0%| F|  |TAMS 0x0000000097500000| PB 0x0000000097500000| Untracked 
| 374|0x0000000097600000, 0x0000000097600000, 0x0000000097700000|  0%| F|  |TAMS 0x0000000097600000| PB 0x0000000097600000| Untracked 
| 375|0x0000000097700000, 0x0000000097700000, 0x0000000097800000|  0%| F|  |TAMS 0x0000000097700000| PB 0x0000000097700000| Untracked 
| 376|0x0000000097800000, 0x0000000097800000, 0x0000000097900000|  0%| F|  |TAMS 0x0000000097800000| PB 0x0000000097800000| Untracked 
| 377|0x0000000097900000, 0x0000000097900000, 0x0000000097a00000|  0%| F|  |TAMS 0x0000000097900000| PB 0x0000000097900000| Untracked 
| 378|0x0000000097a00000, 0x0000000097a00000, 0x0000000097b00000|  0%| F|  |TAMS 0x0000000097a00000| PB 0x0000000097a00000| Untracked 
| 379|0x0000000097b00000, 0x0000000097b00000, 0x0000000097c00000|  0%| F|  |TAMS 0x0000000097b00000| PB 0x0000000097b00000| Untracked 
| 380|0x0000000097c00000, 0x0000000097c00000, 0x0000000097d00000|  0%| F|  |TAMS 0x0000000097c00000| PB 0x0000000097c00000| Untracked 
| 381|0x0000000097d00000, 0x0000000097d00000, 0x0000000097e00000|  0%| F|  |TAMS 0x0000000097d00000| PB 0x0000000097d00000| Untracked 
| 382|0x0000000097e00000, 0x0000000097e00000, 0x0000000097f00000|  0%| F|  |TAMS 0x0000000097e00000| PB 0x0000000097e00000| Untracked 
| 383|0x0000000097f00000, 0x0000000097f00000, 0x0000000098000000|  0%| F|  |TAMS 0x0000000097f00000| PB 0x0000000097f00000| Untracked 
| 384|0x0000000098000000, 0x0000000098000000, 0x0000000098100000|  0%| F|  |TAMS 0x0000000098000000| PB 0x0000000098000000| Untracked 
| 385|0x0000000098100000, 0x0000000098100000, 0x0000000098200000|  0%| F|  |TAMS 0x0000000098100000| PB 0x0000000098100000| Untracked 
| 386|0x0000000098200000, 0x0000000098200000, 0x0000000098300000|  0%| F|  |TAMS 0x0000000098200000| PB 0x0000000098200000| Untracked 
| 387|0x0000000098300000, 0x0000000098300000, 0x0000000098400000|  0%| F|  |TAMS 0x0000000098300000| PB 0x0000000098300000| Untracked 
| 388|0x0000000098400000, 0x0000000098400000, 0x0000000098500000|  0%| F|  |TAMS 0x0000000098400000| PB 0x0000000098400000| Untracked 
| 389|0x0000000098500000, 0x0000000098500000, 0x0000000098600000|  0%| F|  |TAMS 0x0000000098500000| PB 0x0000000098500000| Untracked 
| 390|0x0000000098600000, 0x0000000098600000, 0x0000000098700000|  0%| F|  |TAMS 0x0000000098600000| PB 0x0000000098600000| Untracked 
| 391|0x0000000098700000, 0x0000000098700000, 0x0000000098800000|  0%| F|  |TAMS 0x0000000098700000| PB 0x0000000098700000| Untracked 
| 392|0x0000000098800000, 0x0000000098800000, 0x0000000098900000|  0%| F|  |TAMS 0x0000000098800000| PB 0x0000000098800000| Untracked 
| 393|0x0000000098900000, 0x0000000098900000, 0x0000000098a00000|  0%| F|  |TAMS 0x0000000098900000| PB 0x0000000098900000| Untracked 
| 394|0x0000000098a00000, 0x0000000098a00000, 0x0000000098b00000|  0%| F|  |TAMS 0x0000000098a00000| PB 0x0000000098a00000| Untracked 
| 395|0x0000000098b00000, 0x0000000098b00000, 0x0000000098c00000|  0%| F|  |TAMS 0x0000000098b00000| PB 0x0000000098b00000| Untracked 
| 396|0x0000000098c00000, 0x0000000098c00000, 0x0000000098d00000|  0%| F|  |TAMS 0x0000000098c00000| PB 0x0000000098c00000| Untracked 
| 397|0x0000000098d00000, 0x0000000098d00000, 0x0000000098e00000|  0%| F|  |TAMS 0x0000000098d00000| PB 0x0000000098d00000| Untracked 
| 398|0x0000000098e00000, 0x0000000098e00000, 0x0000000098f00000|  0%| F|  |TAMS 0x0000000098e00000| PB 0x0000000098e00000| Untracked 
| 399|0x0000000098f00000, 0x0000000098f00000, 0x0000000099000000|  0%| F|  |TAMS 0x0000000098f00000| PB 0x0000000098f00000| Untracked 
| 400|0x0000000099000000, 0x0000000099000000, 0x0000000099100000|  0%| F|  |TAMS 0x0000000099000000| PB 0x0000000099000000| Untracked 
| 401|0x0000000099100000, 0x0000000099100000, 0x0000000099200000|  0%| F|  |TAMS 0x0000000099100000| PB 0x0000000099100000| Untracked 
| 402|0x0000000099200000, 0x0000000099200000, 0x0000000099300000|  0%| F|  |TAMS 0x0000000099200000| PB 0x0000000099200000| Untracked 
| 403|0x0000000099300000, 0x0000000099300000, 0x0000000099400000|  0%| F|  |TAMS 0x0000000099300000| PB 0x0000000099300000| Untracked 
| 404|0x0000000099400000, 0x0000000099400000, 0x0000000099500000|  0%| F|  |TAMS 0x0000000099400000| PB 0x0000000099400000| Untracked 
| 405|0x0000000099500000, 0x0000000099500000, 0x0000000099600000|  0%| F|  |TAMS 0x0000000099500000| PB 0x0000000099500000| Untracked 
| 406|0x0000000099600000, 0x0000000099600000, 0x0000000099700000|  0%| F|  |TAMS 0x0000000099600000| PB 0x0000000099600000| Untracked 
| 407|0x0000000099700000, 0x0000000099700000, 0x0000000099800000|  0%| F|  |TAMS 0x0000000099700000| PB 0x0000000099700000| Untracked 
| 408|0x0000000099800000, 0x0000000099800000, 0x0000000099900000|  0%| F|  |TAMS 0x0000000099800000| PB 0x0000000099800000| Untracked 
| 409|0x0000000099900000, 0x0000000099900000, 0x0000000099a00000|  0%| F|  |TAMS 0x0000000099900000| PB 0x0000000099900000| Untracked 
| 410|0x0000000099a00000, 0x0000000099a00000, 0x0000000099b00000|  0%| F|  |TAMS 0x0000000099a00000| PB 0x0000000099a00000| Untracked 
| 411|0x0000000099b00000, 0x0000000099b00000, 0x0000000099c00000|  0%| F|  |TAMS 0x0000000099b00000| PB 0x0000000099b00000| Untracked 
| 412|0x0000000099c00000, 0x0000000099c00000, 0x0000000099d00000|  0%| F|  |TAMS 0x0000000099c00000| PB 0x0000000099c00000| Untracked 
| 413|0x0000000099d00000, 0x0000000099d00000, 0x0000000099e00000|  0%| F|  |TAMS 0x0000000099d00000| PB 0x0000000099d00000| Untracked 
| 414|0x0000000099e00000, 0x0000000099e00000, 0x0000000099f00000|  0%| F|  |TAMS 0x0000000099e00000| PB 0x0000000099e00000| Untracked 
| 415|0x0000000099f00000, 0x0000000099f00000, 0x000000009a000000|  0%| F|  |TAMS 0x0000000099f00000| PB 0x0000000099f00000| Untracked 
| 416|0x000000009a000000, 0x000000009a000000, 0x000000009a100000|  0%| F|  |TAMS 0x000000009a000000| PB 0x000000009a000000| Untracked 
| 417|0x000000009a100000, 0x000000009a100000, 0x000000009a200000|  0%| F|  |TAMS 0x000000009a100000| PB 0x000000009a100000| Untracked 
| 418|0x000000009a200000, 0x000000009a200000, 0x000000009a300000|  0%| F|  |TAMS 0x000000009a200000| PB 0x000000009a200000| Untracked 
| 419|0x000000009a300000, 0x000000009a300000, 0x000000009a400000|  0%| F|  |TAMS 0x000000009a300000| PB 0x000000009a300000| Untracked 
| 420|0x000000009a400000, 0x000000009a400000, 0x000000009a500000|  0%| F|  |TAMS 0x000000009a400000| PB 0x000000009a400000| Untracked 
| 421|0x000000009a500000, 0x000000009a500000, 0x000000009a600000|  0%| F|  |TAMS 0x000000009a500000| PB 0x000000009a500000| Untracked 
| 422|0x000000009a600000, 0x000000009a600000, 0x000000009a700000|  0%| F|  |TAMS 0x000000009a600000| PB 0x000000009a600000| Untracked 
| 423|0x000000009a700000, 0x000000009a700000, 0x000000009a800000|  0%| F|  |TAMS 0x000000009a700000| PB 0x000000009a700000| Untracked 
| 424|0x000000009a800000, 0x000000009a800000, 0x000000009a900000|  0%| F|  |TAMS 0x000000009a800000| PB 0x000000009a800000| Untracked 
| 425|0x000000009a900000, 0x000000009a900000, 0x000000009aa00000|  0%| F|  |TAMS 0x000000009a900000| PB 0x000000009a900000| Untracked 
| 426|0x000000009aa00000, 0x000000009aa00000, 0x000000009ab00000|  0%| F|  |TAMS 0x000000009aa00000| PB 0x000000009aa00000| Untracked 
| 427|0x000000009ab00000, 0x000000009ab00000, 0x000000009ac00000|  0%| F|  |TAMS 0x000000009ab00000| PB 0x000000009ab00000| Untracked 
| 428|0x000000009ac00000, 0x000000009ac00000, 0x000000009ad00000|  0%| F|  |TAMS 0x000000009ac00000| PB 0x000000009ac00000| Untracked 
| 429|0x000000009ad00000, 0x000000009ad00000, 0x000000009ae00000|  0%| F|  |TAMS 0x000000009ad00000| PB 0x000000009ad00000| Untracked 
| 430|0x000000009ae00000, 0x000000009ae00000, 0x000000009af00000|  0%| F|  |TAMS 0x000000009ae00000| PB 0x000000009ae00000| Untracked 
| 431|0x000000009af00000, 0x000000009af00000, 0x000000009b000000|  0%| F|  |TAMS 0x000000009af00000| PB 0x000000009af00000| Untracked 
| 432|0x000000009b000000, 0x000000009b000000, 0x000000009b100000|  0%| F|  |TAMS 0x000000009b000000| PB 0x000000009b000000| Untracked 
| 433|0x000000009b100000, 0x000000009b100000, 0x000000009b200000|  0%| F|  |TAMS 0x000000009b100000| PB 0x000000009b100000| Untracked 
| 434|0x000000009b200000, 0x000000009b200000, 0x000000009b300000|  0%| F|  |TAMS 0x000000009b200000| PB 0x000000009b200000| Untracked 
| 435|0x000000009b300000, 0x000000009b300000, 0x000000009b400000|  0%| F|  |TAMS 0x000000009b300000| PB 0x000000009b300000| Untracked 
| 436|0x000000009b400000, 0x000000009b400000, 0x000000009b500000|  0%| F|  |TAMS 0x000000009b400000| PB 0x000000009b400000| Untracked 
| 437|0x000000009b500000, 0x000000009b500000, 0x000000009b600000|  0%| F|  |TAMS 0x000000009b500000| PB 0x000000009b500000| Untracked 
| 438|0x000000009b600000, 0x000000009b600000, 0x000000009b700000|  0%| F|  |TAMS 0x000000009b600000| PB 0x000000009b600000| Untracked 
| 439|0x000000009b700000, 0x000000009b700000, 0x000000009b800000|  0%| F|  |TAMS 0x000000009b700000| PB 0x000000009b700000| Untracked 
| 440|0x000000009b800000, 0x000000009b800000, 0x000000009b900000|  0%| F|  |TAMS 0x000000009b800000| PB 0x000000009b800000| Untracked 
| 441|0x000000009b900000, 0x000000009b900000, 0x000000009ba00000|  0%| F|  |TAMS 0x000000009b900000| PB 0x000000009b900000| Untracked 
| 442|0x000000009ba00000, 0x000000009ba00000, 0x000000009bb00000|  0%| F|  |TAMS 0x000000009ba00000| PB 0x000000009ba00000| Untracked 
| 443|0x000000009bb00000, 0x000000009bb5de98, 0x000000009bc00000| 36%| S|CS|TAMS 0x000000009bb00000| PB 0x000000009bb00000| Complete 
| 444|0x000000009bc00000, 0x000000009bd00000, 0x000000009bd00000|100%| S|CS|TAMS 0x000000009bc00000| PB 0x000000009bc00000| Complete 
| 445|0x000000009bd00000, 0x000000009be00000, 0x000000009be00000|100%| S|CS|TAMS 0x000000009bd00000| PB 0x000000009bd00000| Complete 
| 446|0x000000009be00000, 0x000000009bf00000, 0x000000009bf00000|100%| S|CS|TAMS 0x000000009be00000| PB 0x000000009be00000| Complete 
| 447|0x000000009bf00000, 0x000000009c000000, 0x000000009c000000|100%| S|CS|TAMS 0x000000009bf00000| PB 0x000000009bf00000| Complete 
| 448|0x000000009c000000, 0x000000009c100000, 0x000000009c100000|100%| S|CS|TAMS 0x000000009c000000| PB 0x000000009c000000| Complete 
| 449|0x000000009c100000, 0x000000009c200000, 0x000000009c200000|100%| S|CS|TAMS 0x000000009c100000| PB 0x000000009c100000| Complete 
| 450|0x000000009c200000, 0x000000009c300000, 0x000000009c300000|100%| S|CS|TAMS 0x000000009c200000| PB 0x000000009c200000| Complete 
| 451|0x000000009c300000, 0x000000009c400000, 0x000000009c400000|100%| S|CS|TAMS 0x000000009c300000| PB 0x000000009c300000| Complete 
| 452|0x000000009c400000, 0x000000009c500000, 0x000000009c500000|100%| S|CS|TAMS 0x000000009c400000| PB 0x000000009c400000| Complete 
| 453|0x000000009c500000, 0x000000009c600000, 0x000000009c600000|100%| S|CS|TAMS 0x000000009c500000| PB 0x000000009c500000| Complete 
| 454|0x000000009c600000, 0x000000009c700000, 0x000000009c700000|100%| S|CS|TAMS 0x000000009c600000| PB 0x000000009c600000| Complete 
| 455|0x000000009c700000, 0x000000009c800000, 0x000000009c800000|100%| S|CS|TAMS 0x000000009c700000| PB 0x000000009c700000| Complete 
| 456|0x000000009c800000, 0x000000009c800000, 0x000000009c900000|  0%| F|  |TAMS 0x000000009c800000| PB 0x000000009c800000| Untracked 
| 457|0x000000009c900000, 0x000000009c900000, 0x000000009ca00000|  0%| F|  |TAMS 0x000000009c900000| PB 0x000000009c900000| Untracked 
| 458|0x000000009ca00000, 0x000000009ca00000, 0x000000009cb00000|  0%| F|  |TAMS 0x000000009ca00000| PB 0x000000009ca00000| Untracked 
| 459|0x000000009cb00000, 0x000000009cb00000, 0x000000009cc00000|  0%| F|  |TAMS 0x000000009cb00000| PB 0x000000009cb00000| Untracked 
| 460|0x000000009cc00000, 0x000000009cc00000, 0x000000009cd00000|  0%| F|  |TAMS 0x000000009cc00000| PB 0x000000009cc00000| Untracked 
| 461|0x000000009cd00000, 0x000000009cd00000, 0x000000009ce00000|  0%| F|  |TAMS 0x000000009cd00000| PB 0x000000009cd00000| Untracked 
| 462|0x000000009ce00000, 0x000000009ce00000, 0x000000009cf00000|  0%| F|  |TAMS 0x000000009ce00000| PB 0x000000009ce00000| Untracked 
| 463|0x000000009cf00000, 0x000000009cf00000, 0x000000009d000000|  0%| F|  |TAMS 0x000000009cf00000| PB 0x000000009cf00000| Untracked 
| 464|0x000000009d000000, 0x000000009d000000, 0x000000009d100000|  0%| F|  |TAMS 0x000000009d000000| PB 0x000000009d000000| Untracked 
| 465|0x000000009d100000, 0x000000009d100000, 0x000000009d200000|  0%| F|  |TAMS 0x000000009d100000| PB 0x000000009d100000| Untracked 
| 466|0x000000009d200000, 0x000000009d200000, 0x000000009d300000|  0%| F|  |TAMS 0x000000009d200000| PB 0x000000009d200000| Untracked 
| 467|0x000000009d300000, 0x000000009d300000, 0x000000009d400000|  0%| F|  |TAMS 0x000000009d300000| PB 0x000000009d300000| Untracked 
| 468|0x000000009d400000, 0x000000009d400000, 0x000000009d500000|  0%| F|  |TAMS 0x000000009d400000| PB 0x000000009d400000| Untracked 
| 469|0x000000009d500000, 0x000000009d500000, 0x000000009d600000|  0%| F|  |TAMS 0x000000009d500000| PB 0x000000009d500000| Untracked 
| 470|0x000000009d600000, 0x000000009d600000, 0x000000009d700000|  0%| F|  |TAMS 0x000000009d600000| PB 0x000000009d600000| Untracked 
| 471|0x000000009d700000, 0x000000009d700000, 0x000000009d800000|  0%| F|  |TAMS 0x000000009d700000| PB 0x000000009d700000| Untracked 
| 472|0x000000009d800000, 0x000000009d800000, 0x000000009d900000|  0%| F|  |TAMS 0x000000009d800000| PB 0x000000009d800000| Untracked 
| 473|0x000000009d900000, 0x000000009d900000, 0x000000009da00000|  0%| F|  |TAMS 0x000000009d900000| PB 0x000000009d900000| Untracked 
| 474|0x000000009da00000, 0x000000009da00000, 0x000000009db00000|  0%| F|  |TAMS 0x000000009da00000| PB 0x000000009da00000| Untracked 
| 475|0x000000009db00000, 0x000000009db00000, 0x000000009dc00000|  0%| F|  |TAMS 0x000000009db00000| PB 0x000000009db00000| Untracked 
| 476|0x000000009dc00000, 0x000000009dc00000, 0x000000009dd00000|  0%| F|  |TAMS 0x000000009dc00000| PB 0x000000009dc00000| Untracked 
| 477|0x000000009dd00000, 0x000000009de00000, 0x000000009de00000|100%| E|  |TAMS 0x000000009dd00000| PB 0x000000009dd00000| Complete 
| 478|0x000000009de00000, 0x000000009df00000, 0x000000009df00000|100%| E|CS|TAMS 0x000000009de00000| PB 0x000000009de00000| Complete 
| 479|0x000000009df00000, 0x000000009e000000, 0x000000009e000000|100%| E|CS|TAMS 0x000000009df00000| PB 0x000000009df00000| Complete 
| 480|0x000000009e000000, 0x000000009e100000, 0x000000009e100000|100%| E|CS|TAMS 0x000000009e000000| PB 0x000000009e000000| Complete 
| 481|0x000000009e100000, 0x000000009e200000, 0x000000009e200000|100%| E|CS|TAMS 0x000000009e100000| PB 0x000000009e100000| Complete 
| 482|0x000000009e200000, 0x000000009e300000, 0x000000009e300000|100%| E|CS|TAMS 0x000000009e200000| PB 0x000000009e200000| Complete 
| 483|0x000000009e300000, 0x000000009e400000, 0x000000009e400000|100%| E|  |TAMS 0x000000009e300000| PB 0x000000009e300000| Complete 
| 484|0x000000009e400000, 0x000000009e500000, 0x000000009e500000|100%| E|CS|TAMS 0x000000009e400000| PB 0x000000009e400000| Complete 
| 485|0x000000009e500000, 0x000000009e600000, 0x000000009e600000|100%| E|CS|TAMS 0x000000009e500000| PB 0x000000009e500000| Complete 
| 486|0x000000009e600000, 0x000000009e700000, 0x000000009e700000|100%| E|CS|TAMS 0x000000009e600000| PB 0x000000009e600000| Complete 
| 487|0x000000009e700000, 0x000000009e800000, 0x000000009e800000|100%| E|CS|TAMS 0x000000009e700000| PB 0x000000009e700000| Complete 
| 488|0x000000009e800000, 0x000000009e900000, 0x000000009e900000|100%| E|CS|TAMS 0x000000009e800000| PB 0x000000009e800000| Complete 
| 489|0x000000009e900000, 0x000000009ea00000, 0x000000009ea00000|100%| E|CS|TAMS 0x000000009e900000| PB 0x000000009e900000| Complete 
| 490|0x000000009ea00000, 0x000000009eb00000, 0x000000009eb00000|100%| E|CS|TAMS 0x000000009ea00000| PB 0x000000009ea00000| Complete 
| 491|0x000000009eb00000, 0x000000009ec00000, 0x000000009ec00000|100%| E|CS|TAMS 0x000000009eb00000| PB 0x000000009eb00000| Complete 
| 492|0x000000009ec00000, 0x000000009ed00000, 0x000000009ed00000|100%| E|CS|TAMS 0x000000009ec00000| PB 0x000000009ec00000| Complete 
| 493|0x000000009ed00000, 0x000000009ee00000, 0x000000009ee00000|100%| E|CS|TAMS 0x000000009ed00000| PB 0x000000009ed00000| Complete 
| 494|0x000000009ee00000, 0x000000009ef00000, 0x000000009ef00000|100%| E|CS|TAMS 0x000000009ee00000| PB 0x000000009ee00000| Complete 
| 495|0x000000009ef00000, 0x000000009f000000, 0x000000009f000000|100%| E|CS|TAMS 0x000000009ef00000| PB 0x000000009ef00000| Complete 
| 496|0x000000009f000000, 0x000000009f100000, 0x000000009f100000|100%| E|CS|TAMS 0x000000009f000000| PB 0x000000009f000000| Complete 
| 497|0x000000009f100000, 0x000000009f200000, 0x000000009f200000|100%| E|CS|TAMS 0x000000009f100000| PB 0x000000009f100000| Complete 
| 498|0x000000009f200000, 0x000000009f300000, 0x000000009f300000|100%| E|CS|TAMS 0x000000009f200000| PB 0x000000009f200000| Complete 
| 499|0x000000009f300000, 0x000000009f400000, 0x000000009f400000|100%| E|CS|TAMS 0x000000009f300000| PB 0x000000009f300000| Complete 
| 500|0x000000009f400000, 0x000000009f500000, 0x000000009f500000|100%| E|CS|TAMS 0x000000009f400000| PB 0x000000009f400000| Complete 
| 501|0x000000009f500000, 0x000000009f600000, 0x000000009f600000|100%| E|CS|TAMS 0x000000009f500000| PB 0x000000009f500000| Complete 
| 502|0x000000009f600000, 0x000000009f700000, 0x000000009f700000|100%| E|CS|TAMS 0x000000009f600000| PB 0x000000009f600000| Complete 
| 503|0x000000009f700000, 0x000000009f800000, 0x000000009f800000|100%| E|CS|TAMS 0x000000009f700000| PB 0x000000009f700000| Complete 
| 504|0x000000009f800000, 0x000000009f900000, 0x000000009f900000|100%| E|CS|TAMS 0x000000009f800000| PB 0x000000009f800000| Complete 
| 505|0x000000009f900000, 0x000000009fa00000, 0x000000009fa00000|100%| E|CS|TAMS 0x000000009f900000| PB 0x000000009f900000| Complete 
| 506|0x000000009fa00000, 0x000000009fb00000, 0x000000009fb00000|100%| E|CS|TAMS 0x000000009fa00000| PB 0x000000009fa00000| Complete 
| 507|0x000000009fb00000, 0x000000009fc00000, 0x000000009fc00000|100%| E|CS|TAMS 0x000000009fb00000| PB 0x000000009fb00000| Complete 
| 508|0x000000009fc00000, 0x000000009fd00000, 0x000000009fd00000|100%| E|CS|TAMS 0x000000009fc00000| PB 0x000000009fc00000| Complete 
| 509|0x000000009fd00000, 0x000000009fe00000, 0x000000009fe00000|100%| E|CS|TAMS 0x000000009fd00000| PB 0x000000009fd00000| Complete 
| 510|0x000000009fe00000, 0x000000009ff00000, 0x000000009ff00000|100%| E|CS|TAMS 0x000000009fe00000| PB 0x000000009fe00000| Complete 
| 511|0x000000009ff00000, 0x00000000a0000000, 0x00000000a0000000|100%| E|CS|TAMS 0x000000009ff00000| PB 0x000000009ff00000| Complete 
| 512|0x00000000a0000000, 0x00000000a0100000, 0x00000000a0100000|100%| E|CS|TAMS 0x00000000a0000000| PB 0x00000000a0000000| Complete 
| 513|0x00000000a0100000, 0x00000000a0200000, 0x00000000a0200000|100%| E|CS|TAMS 0x00000000a0100000| PB 0x00000000a0100000| Complete 
| 514|0x00000000a0200000, 0x00000000a0300000, 0x00000000a0300000|100%| E|CS|TAMS 0x00000000a0200000| PB 0x00000000a0200000| Complete 
| 515|0x00000000a0300000, 0x00000000a0400000, 0x00000000a0400000|100%| E|CS|TAMS 0x00000000a0300000| PB 0x00000000a0300000| Complete 
| 516|0x00000000a0400000, 0x00000000a0500000, 0x00000000a0500000|100%| E|CS|TAMS 0x00000000a0400000| PB 0x00000000a0400000| Complete 
| 517|0x00000000a0500000, 0x00000000a0600000, 0x00000000a0600000|100%| E|CS|TAMS 0x00000000a0500000| PB 0x00000000a0500000| Complete 
| 518|0x00000000a0600000, 0x00000000a0700000, 0x00000000a0700000|100%| E|CS|TAMS 0x00000000a0600000| PB 0x00000000a0600000| Complete 
| 519|0x00000000a0700000, 0x00000000a0800000, 0x00000000a0800000|100%| E|CS|TAMS 0x00000000a0700000| PB 0x00000000a0700000| Complete 
| 520|0x00000000a0800000, 0x00000000a0900000, 0x00000000a0900000|100%| E|CS|TAMS 0x00000000a0800000| PB 0x00000000a0800000| Complete 
| 521|0x00000000a0900000, 0x00000000a0a00000, 0x00000000a0a00000|100%| E|CS|TAMS 0x00000000a0900000| PB 0x00000000a0900000| Complete 
| 522|0x00000000a0a00000, 0x00000000a0b00000, 0x00000000a0b00000|100%| E|CS|TAMS 0x00000000a0a00000| PB 0x00000000a0a00000| Complete 
| 523|0x00000000a0b00000, 0x00000000a0c00000, 0x00000000a0c00000|100%| E|CS|TAMS 0x00000000a0b00000| PB 0x00000000a0b00000| Complete 
| 524|0x00000000a0c00000, 0x00000000a0d00000, 0x00000000a0d00000|100%| E|CS|TAMS 0x00000000a0c00000| PB 0x00000000a0c00000| Complete 
| 525|0x00000000a0d00000, 0x00000000a0e00000, 0x00000000a0e00000|100%| E|CS|TAMS 0x00000000a0d00000| PB 0x00000000a0d00000| Complete 
| 526|0x00000000a0e00000, 0x00000000a0f00000, 0x00000000a0f00000|100%| E|CS|TAMS 0x00000000a0e00000| PB 0x00000000a0e00000| Complete 
| 527|0x00000000a0f00000, 0x00000000a1000000, 0x00000000a1000000|100%| E|CS|TAMS 0x00000000a0f00000| PB 0x00000000a0f00000| Complete 
| 528|0x00000000a1000000, 0x00000000a1100000, 0x00000000a1100000|100%| E|CS|TAMS 0x00000000a1000000| PB 0x00000000a1000000| Complete 
| 529|0x00000000a1100000, 0x00000000a1200000, 0x00000000a1200000|100%| E|CS|TAMS 0x00000000a1100000| PB 0x00000000a1100000| Complete 
| 530|0x00000000a1200000, 0x00000000a1300000, 0x00000000a1300000|100%| E|CS|TAMS 0x00000000a1200000| PB 0x00000000a1200000| Complete 
| 531|0x00000000a1300000, 0x00000000a1400000, 0x00000000a1400000|100%| E|CS|TAMS 0x00000000a1300000| PB 0x00000000a1300000| Complete 
| 532|0x00000000a1400000, 0x00000000a1500000, 0x00000000a1500000|100%| E|CS|TAMS 0x00000000a1400000| PB 0x00000000a1400000| Complete 
| 533|0x00000000a1500000, 0x00000000a1600000, 0x00000000a1600000|100%| E|CS|TAMS 0x00000000a1500000| PB 0x00000000a1500000| Complete 
| 534|0x00000000a1600000, 0x00000000a1700000, 0x00000000a1700000|100%| E|CS|TAMS 0x00000000a1600000| PB 0x00000000a1600000| Complete 
| 535|0x00000000a1700000, 0x00000000a1800000, 0x00000000a1800000|100%| E|CS|TAMS 0x00000000a1700000| PB 0x00000000a1700000| Complete 
| 536|0x00000000a1800000, 0x00000000a1900000, 0x00000000a1900000|100%| E|CS|TAMS 0x00000000a1800000| PB 0x00000000a1800000| Complete 
| 537|0x00000000a1900000, 0x00000000a1a00000, 0x00000000a1a00000|100%| E|CS|TAMS 0x00000000a1900000| PB 0x00000000a1900000| Complete 
| 538|0x00000000a1a00000, 0x00000000a1b00000, 0x00000000a1b00000|100%| E|CS|TAMS 0x00000000a1a00000| PB 0x00000000a1a00000| Complete 
| 539|0x00000000a1b00000, 0x00000000a1c00000, 0x00000000a1c00000|100%| E|CS|TAMS 0x00000000a1b00000| PB 0x00000000a1b00000| Complete 
| 540|0x00000000a1c00000, 0x00000000a1d00000, 0x00000000a1d00000|100%| E|CS|TAMS 0x00000000a1c00000| PB 0x00000000a1c00000| Complete 
| 541|0x00000000a1d00000, 0x00000000a1e00000, 0x00000000a1e00000|100%| E|CS|TAMS 0x00000000a1d00000| PB 0x00000000a1d00000| Complete 
| 542|0x00000000a1e00000, 0x00000000a1f00000, 0x00000000a1f00000|100%| E|CS|TAMS 0x00000000a1e00000| PB 0x00000000a1e00000| Complete 
| 543|0x00000000a1f00000, 0x00000000a2000000, 0x00000000a2000000|100%| E|CS|TAMS 0x00000000a1f00000| PB 0x00000000a1f00000| Complete 
| 544|0x00000000a2000000, 0x00000000a2100000, 0x00000000a2100000|100%| E|CS|TAMS 0x00000000a2000000| PB 0x00000000a2000000| Complete 
| 545|0x00000000a2100000, 0x00000000a2200000, 0x00000000a2200000|100%| E|CS|TAMS 0x00000000a2100000| PB 0x00000000a2100000| Complete 
| 546|0x00000000a2200000, 0x00000000a2300000, 0x00000000a2300000|100%| E|CS|TAMS 0x00000000a2200000| PB 0x00000000a2200000| Complete 
| 547|0x00000000a2300000, 0x00000000a2400000, 0x00000000a2400000|100%| E|CS|TAMS 0x00000000a2300000| PB 0x00000000a2300000| Complete 
| 548|0x00000000a2400000, 0x00000000a2500000, 0x00000000a2500000|100%| E|CS|TAMS 0x00000000a2400000| PB 0x00000000a2400000| Complete 
| 549|0x00000000a2500000, 0x00000000a2600000, 0x00000000a2600000|100%| E|CS|TAMS 0x00000000a2500000| PB 0x00000000a2500000| Complete 
| 550|0x00000000a2600000, 0x00000000a2700000, 0x00000000a2700000|100%| E|CS|TAMS 0x00000000a2600000| PB 0x00000000a2600000| Complete 
| 551|0x00000000a2700000, 0x00000000a2800000, 0x00000000a2800000|100%| E|CS|TAMS 0x00000000a2700000| PB 0x00000000a2700000| Complete 
| 552|0x00000000a2800000, 0x00000000a2900000, 0x00000000a2900000|100%| E|CS|TAMS 0x00000000a2800000| PB 0x00000000a2800000| Complete 
| 553|0x00000000a2900000, 0x00000000a2a00000, 0x00000000a2a00000|100%| E|CS|TAMS 0x00000000a2900000| PB 0x00000000a2900000| Complete 
| 554|0x00000000a2a00000, 0x00000000a2b00000, 0x00000000a2b00000|100%| E|CS|TAMS 0x00000000a2a00000| PB 0x00000000a2a00000| Complete 
| 555|0x00000000a2b00000, 0x00000000a2c00000, 0x00000000a2c00000|100%| E|CS|TAMS 0x00000000a2b00000| PB 0x00000000a2b00000| Complete 
| 556|0x00000000a2c00000, 0x00000000a2d00000, 0x00000000a2d00000|100%| E|CS|TAMS 0x00000000a2c00000| PB 0x00000000a2c00000| Complete 
| 557|0x00000000a2d00000, 0x00000000a2e00000, 0x00000000a2e00000|100%| E|CS|TAMS 0x00000000a2d00000| PB 0x00000000a2d00000| Complete 
| 558|0x00000000a2e00000, 0x00000000a2f00000, 0x00000000a2f00000|100%| E|CS|TAMS 0x00000000a2e00000| PB 0x00000000a2e00000| Complete 
| 559|0x00000000a2f00000, 0x00000000a3000000, 0x00000000a3000000|100%| E|CS|TAMS 0x00000000a2f00000| PB 0x00000000a2f00000| Complete 
| 560|0x00000000a3000000, 0x00000000a3100000, 0x00000000a3100000|100%| E|CS|TAMS 0x00000000a3000000| PB 0x00000000a3000000| Complete 
| 561|0x00000000a3100000, 0x00000000a3200000, 0x00000000a3200000|100%| E|CS|TAMS 0x00000000a3100000| PB 0x00000000a3100000| Complete 
| 562|0x00000000a3200000, 0x00000000a3300000, 0x00000000a3300000|100%| E|CS|TAMS 0x00000000a3200000| PB 0x00000000a3200000| Complete 
| 563|0x00000000a3300000, 0x00000000a3400000, 0x00000000a3400000|100%| E|CS|TAMS 0x00000000a3300000| PB 0x00000000a3300000| Complete 
| 564|0x00000000a3400000, 0x00000000a3500000, 0x00000000a3500000|100%| E|CS|TAMS 0x00000000a3400000| PB 0x00000000a3400000| Complete 
| 565|0x00000000a3500000, 0x00000000a3600000, 0x00000000a3600000|100%| E|CS|TAMS 0x00000000a3500000| PB 0x00000000a3500000| Complete 
| 566|0x00000000a3600000, 0x00000000a3700000, 0x00000000a3700000|100%| E|CS|TAMS 0x00000000a3600000| PB 0x00000000a3600000| Complete 
|2045|0x00000000ffd00000, 0x00000000ffe00000, 0x00000000ffe00000|100%| O|  |TAMS 0x00000000ffd00000| PB 0x00000000ffd00000| Untracked 
|2046|0x00000000ffe00000, 0x00000000fff00000, 0x00000000fff00000|100%| O|  |TAMS 0x00000000ffe00000| PB 0x00000000ffe00000| Untracked 
|2047|0x00000000fff00000, 0x0000000100000000, 0x0000000100000000|100%| O|  |TAMS 0x00000000fff00000| PB 0x00000000fff00000| Untracked 

Card table byte_map: [0x000001e6dcb20000,0x000001e6dcf20000] _byte_map_base: 0x000001e6dc720000

Marking Bits: (CMBitMap*) 0x000001e6c4fc0d30
 Bits: [0x000001e6dcf20000, 0x000001e6def20000)

Polling page: 0x000001e6c46b0000

Metaspace:

Usage:
  Non-class:    106.90 MB used.
      Class:     16.89 MB used.
       Both:    123.78 MB used.

Virtual space:
  Non-class space:      128.00 MB reserved,     108.44 MB ( 85%) committed,  2 nodes.
      Class space:      416.00 MB reserved,      18.38 MB (  4%) committed,  1 nodes.
             Both:      544.00 MB reserved,     126.81 MB ( 23%) committed. 

Chunk freelists:
   Non-Class:  2.77 MB
       Class:  13.62 MB
        Both:  16.39 MB

MaxMetaspaceSize: 512.00 MB
CompressedClassSpaceSize: 416.00 MB
Initial GC threshold: 21.00 MB
Current GC threshold: 206.38 MB
CDS: on
 - commit_granule_bytes: 65536.
 - commit_granule_words: 8192.
 - virtual_space_node_default_size: 8388608.
 - enlarge_chunks_in_place: 1.
 - use_allocation_guard: 0.


Internal statistics:

num_allocs_failed_limit: 9.
num_arena_births: 4912.
num_arena_deaths: 0.
num_vsnodes_births: 3.
num_vsnodes_deaths: 0.
num_space_committed: 2029.
num_space_uncommitted: 0.
num_chunks_returned_to_freelist: 9.
num_chunks_taken_from_freelist: 11152.
num_chunk_merges: 6.
num_chunk_splits: 7177.
num_chunks_enlarged: 4460.
num_inconsistent_stats: 0.

CodeHeap 'non-profiled nmethods': size=120000Kb used=17168Kb max_used=17168Kb free=102831Kb
 bounds [0x000001e6d4ec0000, 0x000001e6d5f90000, 0x000001e6dc3f0000]
CodeHeap 'profiled nmethods': size=120000Kb used=35181Kb max_used=35181Kb free=84818Kb
 bounds [0x000001e6cd3f0000, 0x000001e6cf650000, 0x000001e6d4920000]
CodeHeap 'non-nmethods': size=5760Kb used=3252Kb max_used=3315Kb free=2507Kb
 bounds [0x000001e6d4920000, 0x000001e6d4c70000, 0x000001e6d4ec0000]
 total_blobs=19914 nmethods=18878 adapters=938
 compilation: enabled
              stopped_count=0, restarted_count=0
 full_count=0

Compilation events (20 events):
Event: 130.535 Thread 0x000001e6e1a11360 22631       3       org.gradle.execution.plan.DefaultFinalizedExecutionPlan::maybeNodeReady (21 bytes)
Event: 130.535 Thread 0x000001e6e1a11360 nmethod 22631 0x000001e6cf61fd90 code [0x000001e6cf61ff60, 0x000001e6cf6203d0]
Event: 130.535 Thread 0x000001e6e1a11360 22630       3       org.gradle.execution.plan.edges.DependencySuccessorsOnlyNodeSet::getState (55 bytes)
Event: 130.535 Thread 0x000001e6e1a11360 nmethod 22630 0x000001e6cf620590 code [0x000001e6cf620760, 0x000001e6cf620ac8]
Event: 130.535 Thread 0x000001e6e1a11360 22632       3       org.gradle.execution.plan.DefaultFinalizedExecutionPlan::maybeWaitingForNewNode (59 bytes)
Event: 130.536 Thread 0x000001e6e1a11360 nmethod 22632 0x000001e6cf620b90 code [0x000001e6cf620dc0, 0x000001e6cf621560]
Event: 130.536 Thread 0x000001e6e1a11360 22633       3       org.gradle.execution.plan.DefaultFinalizedExecutionPlan$$Lambda/0x000001e6e3b3a218::<init> (10 bytes)
Event: 130.536 Thread 0x000001e6e1a11360 nmethod 22633 0x000001e6cf621810 code [0x000001e6cf6219c0, 0x000001e6cf621b78]
Event: 130.536 Thread 0x000001e6e1a11360 22634       3       org.gradle.execution.plan.Node::prepareForExecution (1 bytes)
Event: 130.536 Thread 0x000001e6e1a11360 nmethod 22634 0x000001e6cf621c10 code [0x000001e6cf621da0, 0x000001e6cf621ea8]
Event: 130.536 Thread 0x000001e6e1a11360 22624       3       org.gradle.execution.plan.DefaultFinalizedExecutionPlan$1::compare (67 bytes)
Event: 130.537 Thread 0x000001e6e1a11360 nmethod 22624 0x000001e6cf621f10 code [0x000001e6cf622140, 0x000001e6cf622a30]
Event: 130.537 Thread 0x000001e6e1a11360 22636       1       org.gradle.api.internal.project.DefaultProjectStateRegistry$ProjectStateImpl::getAccessLock (5 bytes)
Event: 130.537 Thread 0x000001e6e1a11360 nmethod 22636 0x000001e6d5f83c90 code [0x000001e6d5f83e20, 0x000001e6d5f83ee8]
Event: 130.537 Thread 0x000001e6e1a11360 22637       3       org.gradle.execution.plan.ActionNode::getProjectToLock (24 bytes)
Event: 130.537 Thread 0x000001e6e1a11360 nmethod 22637 0x000001e6cf622c10 code [0x000001e6cf622dc0, 0x000001e6cf623068]
Event: 130.537 Thread 0x000001e6e1a11360 22638       3       org.gradle.execution.plan.ActionNode::isPriority (13 bytes)
Event: 130.537 Thread 0x000001e6e1a11360 nmethod 22638 0x000001e6cf623190 code [0x000001e6cf623340, 0x000001e6cf623678]
Event: 130.548 Thread 0x000001e6e1a11360 22640       3       java.net.URLStreamHandler::parseURL (1124 bytes)
Event: 130.574 Thread 0x000001e6e1a11360 nmethod 22640 0x000001e6cf623810 code [0x000001e6cf624ba0, 0x000001e6cf6310e0]

GC Heap History (20 events):
Event: 107.979 GC heap before
{Heap before GC invocations=65 (full 0):
 garbage-first heap   total 411648K, used 362496K [0x0000000080000000, 0x0000000100000000)
  region size 1024K, 131 young (134144K), 5 survivors (5120K)
 Metaspace       used 117138K, committed 120128K, reserved 557056K
  class space    used 16194K, committed 17664K, reserved 425984K
}
Event: 107.995 GC heap after
{Heap after GC invocations=66 (full 0):
 garbage-first heap   total 411648K, used 246990K [0x0000000080000000, 0x0000000100000000)
  region size 1024K, 17 young (17408K), 17 survivors (17408K)
 Metaspace       used 117138K, committed 120128K, reserved 557056K
  class space    used 16194K, committed 17664K, reserved 425984K
}
Event: 109.578 GC heap before
{Heap before GC invocations=66 (full 0):
 garbage-first heap   total 411648K, used 366798K [0x0000000080000000, 0x0000000100000000)
  region size 1024K, 134 young (137216K), 17 survivors (17408K)
 Metaspace       used 117289K, committed 120256K, reserved 557056K
  class space    used 16207K, committed 17664K, reserved 425984K
}
Event: 109.612 GC heap after
{Heap after GC invocations=67 (full 0):
 garbage-first heap   total 411648K, used 260961K [0x0000000080000000, 0x0000000100000000)
  region size 1024K, 17 young (17408K), 17 survivors (17408K)
 Metaspace       used 117289K, committed 120256K, reserved 557056K
  class space    used 16207K, committed 17664K, reserved 425984K
}
Event: 110.613 GC heap before
{Heap before GC invocations=67 (full 0):
 garbage-first heap   total 411648K, used 332641K [0x0000000080000000, 0x0000000100000000)
  region size 1024K, 89 young (91136K), 17 survivors (17408K)
 Metaspace       used 117335K, committed 120320K, reserved 557056K
  class space    used 16213K, committed 17664K, reserved 425984K
}
Event: 110.631 GC heap after
{Heap after GC invocations=68 (full 0):
 garbage-first heap   total 411648K, used 267147K [0x0000000080000000, 0x0000000100000000)
  region size 1024K, 8 young (8192K), 8 survivors (8192K)
 Metaspace       used 117335K, committed 120320K, reserved 557056K
  class space    used 16213K, committed 17664K, reserved 425984K
}
Event: 112.046 GC heap before
{Heap before GC invocations=69 (full 0):
 garbage-first heap   total 467968K, used 373643K [0x0000000080000000, 0x0000000100000000)
  region size 1024K, 112 young (114688K), 8 survivors (8192K)
 Metaspace       used 117515K, committed 120512K, reserved 557056K
  class space    used 16232K, committed 17728K, reserved 425984K
}
Event: 112.062 GC heap after
{Heap after GC invocations=70 (full 0):
 garbage-first heap   total 467968K, used 270237K [0x0000000080000000, 0x0000000100000000)
  region size 1024K, 11 young (11264K), 11 survivors (11264K)
 Metaspace       used 117515K, committed 120512K, reserved 557056K
  class space    used 16232K, committed 17728K, reserved 425984K
}
Event: 114.441 GC heap before
{Heap before GC invocations=70 (full 0):
 garbage-first heap   total 467968K, used 415645K [0x0000000080000000, 0x0000000100000000)
  region size 1024K, 153 young (156672K), 11 survivors (11264K)
 Metaspace       used 117812K, committed 120896K, reserved 557056K
  class space    used 16266K, committed 17792K, reserved 425984K
}
Event: 114.459 GC heap after
{Heap after GC invocations=71 (full 0):
 garbage-first heap   total 467968K, used 278528K [0x0000000080000000, 0x0000000100000000)
  region size 1024K, 20 young (20480K), 20 survivors (20480K)
 Metaspace       used 117812K, committed 120896K, reserved 557056K
  class space    used 16266K, committed 17792K, reserved 425984K
}
Event: 114.806 GC heap before
{Heap before GC invocations=71 (full 0):
 garbage-first heap   total 467968K, used 347136K [0x0000000080000000, 0x0000000100000000)
  region size 1024K, 89 young (91136K), 20 survivors (20480K)
 Metaspace       used 117860K, committed 120896K, reserved 557056K
  class space    used 16272K, committed 17792K, reserved 425984K
}
Event: 114.821 GC heap after
{Heap after GC invocations=72 (full 0):
 garbage-first heap   total 467968K, used 281513K [0x0000000080000000, 0x0000000100000000)
  region size 1024K, 6 young (6144K), 6 survivors (6144K)
 Metaspace       used 117860K, committed 120896K, reserved 557056K
  class space    used 16272K, committed 17792K, reserved 425984K
}
Event: 119.277 GC heap before
{Heap before GC invocations=73 (full 0):
 garbage-first heap   total 500736K, used 429993K [0x0000000080000000, 0x0000000100000000)
  region size 1024K, 150 young (153600K), 6 survivors (6144K)
 Metaspace       used 122685K, committed 125824K, reserved 557056K
  class space    used 16891K, committed 18432K, reserved 425984K
}
Event: 119.307 GC heap after
{Heap after GC invocations=74 (full 0):
 garbage-first heap   total 500736K, used 308794K [0x0000000080000000, 0x0000000100000000)
  region size 1024K, 19 young (19456K), 19 survivors (19456K)
 Metaspace       used 122685K, committed 125824K, reserved 557056K
  class space    used 16891K, committed 18432K, reserved 425984K
}
Event: 122.995 GC heap before
{Heap before GC invocations=74 (full 0):
 garbage-first heap   total 500736K, used 451130K [0x0000000080000000, 0x0000000100000000)
  region size 1024K, 158 young (161792K), 19 survivors (19456K)
 Metaspace       used 123518K, committed 126656K, reserved 557056K
  class space    used 16955K, committed 18496K, reserved 425984K
}
Event: 123.033 GC heap after
{Heap after GC invocations=75 (full 0):
 garbage-first heap   total 500736K, used 323337K [0x0000000080000000, 0x0000000100000000)
  region size 1024K, 17 young (17408K), 17 survivors (17408K)
 Metaspace       used 123518K, committed 126656K, reserved 557056K
  class space    used 16955K, committed 18496K, reserved 425984K
}
Event: 126.987 GC heap before
{Heap before GC invocations=75 (full 0):
 garbage-first heap   total 500736K, used 454409K [0x0000000080000000, 0x0000000100000000)
  region size 1024K, 145 young (148480K), 17 survivors (17408K)
 Metaspace       used 123709K, committed 126784K, reserved 557056K
  class space    used 16967K, committed 18496K, reserved 425984K
}
Event: 127.018 GC heap after
{Heap after GC invocations=76 (full 0):
 garbage-first heap   total 500736K, used 339217K [0x0000000080000000, 0x0000000100000000)
  region size 1024K, 17 young (17408K), 17 survivors (17408K)
 Metaspace       used 123709K, committed 126784K, reserved 557056K
  class space    used 16967K, committed 18496K, reserved 425984K
}
Event: 129.506 GC heap before
{Heap before GC invocations=77 (full 0):
 garbage-first heap   total 583680K, used 452881K [0x0000000080000000, 0x0000000100000000)
  region size 1024K, 128 young (131072K), 17 survivors (17408K)
 Metaspace       used 123821K, committed 126912K, reserved 557056K
  class space    used 16978K, committed 18496K, reserved 425984K
}
Event: 129.533 GC heap after
{Heap after GC invocations=78 (full 0):
 garbage-first heap   total 583680K, used 351385K [0x0000000080000000, 0x0000000100000000)
  region size 1024K, 13 young (13312K), 13 survivors (13312K)
 Metaspace       used 123821K, committed 126912K, reserved 557056K
  class space    used 16978K, committed 18496K, reserved 425984K
}

Dll operation events (15 events):
Event: 0.032 Loaded shared library C:\Program Files\Java\jdk-21\bin\java.dll
Event: 0.123 Loaded shared library C:\Program Files\Java\jdk-21\bin\jsvml.dll
Event: 0.216 Loaded shared library C:\Program Files\Java\jdk-21\bin\zip.dll
Event: 0.226 Loaded shared library C:\Program Files\Java\jdk-21\bin\instrument.dll
Event: 0.235 Loaded shared library C:\Program Files\Java\jdk-21\bin\net.dll
Event: 0.243 Loaded shared library C:\Program Files\Java\jdk-21\bin\nio.dll
Event: 0.250 Loaded shared library C:\Program Files\Java\jdk-21\bin\zip.dll
Event: 1.139 Loaded shared library C:\Program Files\Java\jdk-21\bin\jimage.dll
Event: 1.606 Loaded shared library C:\Program Files\Java\jdk-21\bin\verify.dll
Event: 1.899 Loaded shared library C:\Users\JASIR\.gradle\native\c067742578af261105cb4f569cf0c3c89f3d7b1fecec35dd04571415982c5e48\windows-amd64\native-platform.dll
Event: 1.918 Loaded shared library C:\Users\JASIR\.gradle\native\100fb08df4bc3b14c8652ba06237920a3bd2aa13389f12d3474272988ae205f9\windows-amd64\native-platform-file-events.dll
Event: 6.288 Loaded shared library C:\Program Files\Java\jdk-21\bin\management.dll
Event: 6.292 Loaded shared library C:\Program Files\Java\jdk-21\bin\management_ext.dll
Event: 6.700 Loaded shared library C:\Program Files\Java\jdk-21\bin\extnet.dll
Event: 6.999 Loaded shared library C:\Program Files\Java\jdk-21\bin\sunmscapi.dll

Deoptimization events (20 events):
Event: 129.970 Thread 0x000001e6fe5f1b20 DEOPT PACKING pc=0x000001e6d517da0c sp=0x000000c9a29f6a20
Event: 129.970 Thread 0x000001e6fe5f1b20 DEOPT UNPACKING pc=0x000001e6d4977da2 sp=0x000000c9a29f6868 mode 2
Event: 130.068 Thread 0x000001e6fe5f1b20 Uncommon trap: trap_request=0xffffff45 fr.pc=0x000001e6d5f24e04 relative=0x0000000000000604
Event: 130.068 Thread 0x000001e6fe5f1b20 Uncommon trap: reason=unstable_if action=reinterpret pc=0x000001e6d5f24e04 method=org.gradle.internal.properties.bean.DefaultPropertyWalker$CachedPropertyValue.getTaskDependencies()Lorg/gradle/api/internal/tasks/TaskDependencyContainer; @ 24 c2
Event: 130.068 Thread 0x000001e6fe5f1b20 DEOPT PACKING pc=0x000001e6d5f24e04 sp=0x000000c9a29fa5b0
Event: 130.068 Thread 0x000001e6fe5f1b20 DEOPT UNPACKING pc=0x000001e6d4977da2 sp=0x000000c9a29fa580 mode 2
Event: 130.139 Thread 0x000001e6fe5f1b20 Uncommon trap: trap_request=0xffffff45 fr.pc=0x000001e6d5f1da3c relative=0x000000000000019c
Event: 130.139 Thread 0x000001e6fe5f1b20 Uncommon trap: reason=unstable_if action=reinterpret pc=0x000001e6d5f1da3c method=org.gradle.execution.plan.Node.maybeInheritOrdinalAsDependency(Lorg/gradle/execution/plan/OrdinalGroup;)V @ 9 c2
Event: 130.139 Thread 0x000001e6fe5f1b20 DEOPT PACKING pc=0x000001e6d5f1da3c sp=0x000000c9a29fae90
Event: 130.139 Thread 0x000001e6fe5f1b20 DEOPT UNPACKING pc=0x000001e6d4977da2 sp=0x000000c9a29fae48 mode 2
Event: 130.265 Thread 0x000001e6fe5f1b20 DEOPT PACKING pc=0x000001e6cf5761c3 sp=0x000000c9a29fa960
Event: 130.265 Thread 0x000001e6fe5f1b20 DEOPT UNPACKING pc=0x000001e6d49788e2 sp=0x000000c9a29f9de8 mode 0
Event: 130.418 Thread 0x000001e6fe5f1b20 Uncommon trap: trap_request=0xffffff45 fr.pc=0x000001e6d5ca00f0 relative=0x0000000000000c10
Event: 130.418 Thread 0x000001e6fe5f1b20 Uncommon trap: reason=unstable_if action=reinterpret pc=0x000001e6d5ca00f0 method=org.gradle.execution.plan.NodeComparator.compare(Lorg/gradle/execution/plan/Node;Lorg/gradle/execution/plan/Node;)I @ 11 c2
Event: 130.418 Thread 0x000001e6fe5f1b20 DEOPT PACKING pc=0x000001e6d5ca00f0 sp=0x000000c9a29fb760
Event: 130.418 Thread 0x000001e6fe5f1b20 DEOPT UNPACKING pc=0x000001e6d4977da2 sp=0x000000c9a29fb6d0 mode 2
Event: 130.418 Thread 0x000001e6fe5f1b20 Uncommon trap: trap_request=0xffffff45 fr.pc=0x000001e6d5c972f8 relative=0x0000000000000b98
Event: 130.418 Thread 0x000001e6fe5f1b20 Uncommon trap: reason=unstable_if action=reinterpret pc=0x000001e6d5c972f8 method=org.gradle.execution.plan.NodeComparator.compare(Lorg/gradle/execution/plan/Node;Lorg/gradle/execution/plan/Node;)I @ 4 c2
Event: 130.418 Thread 0x000001e6fe5f1b20 DEOPT PACKING pc=0x000001e6d5c972f8 sp=0x000000c9a29fb6d0
Event: 130.418 Thread 0x000001e6fe5f1b20 DEOPT UNPACKING pc=0x000001e6d4977da2 sp=0x000000c9a29fb6c8 mode 2

Classes loaded (20 events):
Event: 129.960 Loading class java/net/URL$ThreadTrackHolder
Event: 129.960 Loading class java/net/URL$ThreadTrackHolder done
Event: 129.960 Loading class java/net/URL$2
Event: 129.960 Loading class java/net/URL$2 done
Event: 129.960 Loading class java/net/URL$1
Event: 129.961 Loading class java/net/URL$1 done
Event: 129.961 Loading class java/net/spi/URLStreamHandlerProvider
Event: 129.961 Loading class java/net/spi/URLStreamHandlerProvider done
Event: 129.966 Loading class sun/net/www/protocol/http/Handler
Event: 129.967 Loading class sun/net/www/protocol/http/Handler done
Event: 129.971 Loading class javax/crypto/JceSecurity$WeakIdentityWrapper
Event: 129.971 Loading class javax/crypto/JceSecurity$WeakIdentityWrapper done
Event: 129.971 Loading class javax/crypto/JceSecurity$2
Event: 129.971 Loading class javax/crypto/JceSecurity$2 done
Event: 129.971 Loading class javax/crypto/JceSecurity$3
Event: 129.971 Loading class javax/crypto/JceSecurity$3 done
Event: 129.971 Loading class javax/crypto/ProviderVerifier
Event: 129.972 Loading class javax/crypto/ProviderVerifier done
Event: 129.972 Loading class javax/crypto/ProviderVerifier$1
Event: 129.973 Loading class javax/crypto/ProviderVerifier$1 done

Classes unloaded (0 events):
No events

Classes redefined (0 events):
No events

Internal exceptions (20 events):
Event: 115.919 Thread 0x000001e6fe5f1b20 Exception <a 'sun/nio/fs/WindowsException'{0x000000009cca8428}> (0x000000009cca8428) 
thrown [s\open\src\hotspot\share\prims\jni.cpp, line 520]
Event: 115.920 Thread 0x000001e6fe5f1b20 Exception <a 'sun/nio/fs/WindowsException'{0x000000009cca9818}> (0x000000009cca9818) 
thrown [s\open\src\hotspot\share\prims\jni.cpp, line 520]
Event: 116.174 Thread 0x000001e6fe5f1b20 Exception <a 'java/lang/NullPointerException'{0x000000009b005dc0}> (0x000000009b005dc0) 
thrown [s\open\src\hotspot\share\interpreter\linkResolver.cpp, line 1456]
Event: 116.337 Thread 0x000001e6fe5f1b20 Implicit null exception at 0x000001e6d557405a to 0x000001e6d5574b4c
Event: 116.634 Thread 0x000001e6fe5f1b20 Implicit null exception at 0x000001e6d5b44ad2 to 0x000001e6d5b495e0
Event: 116.688 Thread 0x000001e6fe5f1b20 Implicit null exception at 0x000001e6d5b44ad2 to 0x000001e6d5b495e0
Event: 116.800 Thread 0x000001e6fe5f1b20 Exception <a 'java/lang/NoSuchMethodError'{0x0000000099052ba8}: 'int java.lang.invoke.DirectMethodHandle$Holder.invokeSpecial(java.lang.Object, java.lang.Object, int)'> (0x0000000099052ba8) 
thrown [s\open\src\hotspot\share\interpreter\linkResolver.cpp, line 773]
Event: 117.094 Thread 0x000001e6fe5f1b20 Implicit null exception at 0x000001e6d5b44ad2 to 0x000001e6d5b495e0
Event: 117.902 Thread 0x000001e6fe5f1b20 Implicit null exception at 0x000001e6d5b712be to 0x000001e6d5b71944
Event: 117.946 Thread 0x000001e6fe5f1b20 Implicit null exception at 0x000001e6d5b58a6c to 0x000001e6d5b58b38
Event: 119.522 Thread 0x000001e6fe5f1b20 Exception <a 'java/lang/ClassNotFoundException'{0x000000009d7c4780}: org/gradle/api/tasks/Exec_DecoratedBeanInfo> (0x000000009d7c4780) 
thrown [s\open\src\hotspot\share\classfile\systemDictionary.cpp, line 312]
Event: 119.522 Thread 0x000001e6fe5f1b20 Exception <a 'java/lang/ClassNotFoundException'{0x000000009d7cee38}: org/gradle/api/tasks/Exec_DecoratedCustomizer> (0x000000009d7cee38) 
thrown [s\open\src\hotspot\share\classfile\systemDictionary.cpp, line 312]
Event: 119.934 Thread 0x000001e6fe5f1b20 Exception <a 'sun/nio/fs/WindowsException'{0x000000009c6edf90}> (0x000000009c6edf90) 
thrown [s\open\src\hotspot\share\prims\jni.cpp, line 520]
Event: 119.935 Thread 0x000001e6fe5f1b20 Exception <a 'sun/nio/fs/WindowsException'{0x000000009c6ef5e0}> (0x000000009c6ef5e0) 
thrown [s\open\src\hotspot\share\prims\jni.cpp, line 520]
Event: 119.935 Thread 0x000001e6fe5f1b20 Exception <a 'sun/nio/fs/WindowsException'{0x000000009c6f0c80}> (0x000000009c6f0c80) 
thrown [s\open\src\hotspot\share\prims\jni.cpp, line 520]
Event: 119.935 Thread 0x000001e6fe5f1b20 Exception <a 'sun/nio/fs/WindowsException'{0x000000009c6f2320}> (0x000000009c6f2320) 
thrown [s\open\src\hotspot\share\prims\jni.cpp, line 520]
Event: 127.671 Thread 0x000001e6e19d78f0 Implicit null exception at 0x000001e6d5766048 to 0x000001e6d576671c
Event: 127.754 Thread 0x000001e6fe5f1b20 Implicit null exception at 0x000001e6d565a142 to 0x000001e6d565a6b0
Event: 127.775 Thread 0x000001e6fe5f1b20 Implicit null exception at 0x000001e6d56597f8 to 0x000001e6d5659b5c
Event: 129.947 Thread 0x000001e6fe5f1b20 Exception <a 'sun/nio/fs/WindowsException'{0x00000000a2730688}> (0x00000000a2730688) 
thrown [s\open\src\hotspot\share\prims\jni.cpp, line 520]

ZGC Phase Switch (0 events):
No events

VM Operations (20 events):
Event: 125.064 Executing VM operation: Cleanup done
Event: 126.069 Executing VM operation: Cleanup
Event: 126.102 Executing VM operation: Cleanup done
Event: 126.987 Executing VM operation: G1CollectForAllocation (G1 Evacuation Pause)
Event: 127.019 Executing VM operation: G1CollectForAllocation (G1 Evacuation Pause) done
Event: 127.605 Executing VM operation: G1PauseRemark
Event: 127.670 Executing VM operation: G1PauseRemark done
Event: 128.146 Executing VM operation: G1PauseCleanup
Event: 128.172 Executing VM operation: G1PauseCleanup done
Event: 129.173 Executing VM operation: Cleanup
Event: 129.174 Executing VM operation: Cleanup done
Event: 129.505 Executing VM operation: G1CollectForAllocation (G1 Evacuation Pause)
Event: 129.533 Executing VM operation: G1CollectForAllocation (G1 Evacuation Pause) done
Event: 129.964 Executing VM operation: HandshakeAllThreads (Deoptimize)
Event: 129.965 Executing VM operation: HandshakeAllThreads (Deoptimize) done
Event: 129.970 Executing VM operation: HandshakeAllThreads (Deoptimize)
Event: 129.970 Executing VM operation: HandshakeAllThreads (Deoptimize) done
Event: 130.381 Executing VM operation: HandshakeAllThreads (Deoptimize)
Event: 130.381 Executing VM operation: HandshakeAllThreads (Deoptimize) done
Event: 131.391 Executing VM operation: Cleanup

Events (20 events):
Event: 127.653 Thread 0x000001e6e19badc0 flushing nmethod 0x000001e6cdec2290
Event: 127.653 Thread 0x000001e6e19badc0 flushing nmethod 0x000001e6cdf49a90
Event: 127.653 Thread 0x000001e6e19badc0 flushing nmethod 0x000001e6cdf49e90
Event: 127.653 Thread 0x000001e6e19badc0 flushing nmethod 0x000001e6ce16e990
Event: 127.653 Thread 0x000001e6e19badc0 flushing nmethod 0x000001e6ce174990
Event: 127.653 Thread 0x000001e6e19badc0 flushing nmethod 0x000001e6ce3ad690
Event: 127.653 Thread 0x000001e6e19badc0 flushing nmethod 0x000001e6ce3af490
Event: 127.653 Thread 0x000001e6e19badc0 flushing nmethod 0x000001e6ce3b0090
Event: 127.653 Thread 0x000001e6e19badc0 flushing nmethod 0x000001e6ce542010
Event: 127.653 Thread 0x000001e6e19badc0 flushing nmethod 0x000001e6ce545490
Event: 127.653 Thread 0x000001e6e19badc0 flushing nmethod 0x000001e6ce5fd790
Event: 127.653 Thread 0x000001e6e19badc0 flushing nmethod 0x000001e6ce65c110
Event: 127.653 Thread 0x000001e6e19badc0 flushing nmethod 0x000001e6ce65f510
Event: 127.653 Thread 0x000001e6e19badc0 flushing nmethod 0x000001e6ce729990
Event: 127.653 Thread 0x000001e6e19badc0 flushing nmethod 0x000001e6ceaf5d10
Event: 128.839 Thread 0x000001e6925706a0 Thread added: 0x000001e6925706a0
Event: 129.500 Thread 0x000001e6925706a0 Thread exited: 0x000001e6925706a0
Event: 129.825 Thread 0x000001e68d0330e0 Thread exited: 0x000001e68d0330e0
Event: 130.088 Thread 0x000001e68d0330e0 Thread added: 0x000001e68d0330e0
Event: 130.419 Thread 0x000001e68eb2dbc0 Thread added: 0x000001e68eb2dbc0


Dynamic libraries:
0x00007ff6c2460000 - 0x00007ff6c2470000 	C:\Program Files\Java\jdk-21\bin\java.exe
0x00007ffd7fb80000 - 0x00007ffd7fde3000 	C:\WINDOWS\SYSTEM32\ntdll.dll
0x00007ffd7dd80000 - 0x00007ffd7de47000 	C:\WINDOWS\System32\KERNEL32.DLL
0x00007ffd7d530000 - 0x00007ffd7d8f7000 	C:\WINDOWS\System32\KERNELBASE.dll
0x00007ffd7d3e0000 - 0x00007ffd7d52c000 	C:\WINDOWS\System32\ucrtbase.dll
0x00007ffd4f9f0000 - 0x00007ffd4fa09000 	C:\Program Files\Java\jdk-21\bin\jli.dll
0x00007ffd7ec80000 - 0x00007ffd7ed34000 	C:\WINDOWS\System32\ADVAPI32.dll
0x00007ffd7fa90000 - 0x00007ffd7fb39000 	C:\WINDOWS\System32\msvcrt.dll
0x00007ffd52c40000 - 0x00007ffd52c5b000 	C:\Program Files\Java\jdk-21\bin\VCRUNTIME140.dll
0x00007ffd7e070000 - 0x00007ffd7e116000 	C:\WINDOWS\System32\sechost.dll
0x00007ffd7e280000 - 0x00007ffd7e396000 	C:\WINDOWS\System32\RPCRT4.dll
0x00007ffd7dea0000 - 0x00007ffd7e069000 	C:\WINDOWS\System32\USER32.dll
0x00007ffd7d990000 - 0x00007ffd7d9b7000 	C:\WINDOWS\System32\win32u.dll
0x00007ffd7e8e0000 - 0x00007ffd7e90a000 	C:\WINDOWS\System32\GDI32.dll
0x00007ffd7cf20000 - 0x00007ffd7d04b000 	C:\WINDOWS\System32\gdi32full.dll
0x00007ffd7d1d0000 - 0x00007ffd7d273000 	C:\WINDOWS\System32\msvcp_win.dll
0x00007ffd5e5d0000 - 0x00007ffd5e860000 	C:\WINDOWS\WinSxS\amd64_microsoft.windows.common-controls_6595b64144ccf1df_6.0.26100.3037_none_3e09262ce333c378\COMCTL32.dll
0x00007ffd72fe0000 - 0x00007ffd72feb000 	C:\WINDOWS\SYSTEM32\VERSION.dll
0x00007ffd7f8f0000 - 0x00007ffd7f91f000 	C:\WINDOWS\System32\IMM32.DLL
0x00007ffd773c0000 - 0x00007ffd773cc000 	C:\Program Files\Java\jdk-21\bin\vcruntime140_1.dll
0x00007ffd3e9c0000 - 0x00007ffd3ea4e000 	C:\Program Files\Java\jdk-21\bin\msvcp140.dll
0x00007ffc80e30000 - 0x00007ffc81b4a000 	C:\Program Files\Java\jdk-21\bin\server\jvm.dll
0x00007ffd7dd00000 - 0x00007ffd7dd74000 	C:\WINDOWS\System32\WS2_32.dll
0x00007ffd7cdb0000 - 0x00007ffd7cdfe000 	C:\WINDOWS\SYSTEM32\POWRPROF.dll
0x00007ffd73550000 - 0x00007ffd73586000 	C:\WINDOWS\SYSTEM32\WINMM.dll
0x00007ffd7cd90000 - 0x00007ffd7cda4000 	C:\WINDOWS\SYSTEM32\UMPDC.dll
0x00007ffd7bd50000 - 0x00007ffd7bd6a000 	C:\WINDOWS\SYSTEM32\kernel.appcore.dll
0x00007ffd5b4b0000 - 0x00007ffd5b4ba000 	C:\Program Files\Java\jdk-21\bin\jimage.dll
0x00007ffd7a670000 - 0x00007ffd7a8b1000 	C:\WINDOWS\SYSTEM32\DBGHELP.DLL
0x00007ffd7eda0000 - 0x00007ffd7f11e000 	C:\WINDOWS\System32\combase.dll
0x00007ffd7f9b0000 - 0x00007ffd7fa86000 	C:\WINDOWS\System32\OLEAUT32.dll
0x00007ffd5a580000 - 0x00007ffd5a5b9000 	C:\WINDOWS\SYSTEM32\dbgcore.DLL
0x00007ffd7d280000 - 0x00007ffd7d319000 	C:\WINDOWS\System32\bcryptPrimitives.dll
0x00007ffd3fd90000 - 0x00007ffd3fd9f000 	C:\Program Files\Java\jdk-21\bin\instrument.dll
0x00007ffd4f700000 - 0x00007ffd4f71f000 	C:\Program Files\Java\jdk-21\bin\java.dll
0x00007ffd7f140000 - 0x00007ffd7f844000 	C:\WINDOWS\System32\SHELL32.dll
0x00007ffd7ac00000 - 0x00007ffd7b437000 	C:\WINDOWS\SYSTEM32\windows.storage.dll
0x00007ffd7da40000 - 0x00007ffd7db29000 	C:\WINDOWS\System32\SHCORE.dll
0x00007ffd7ed40000 - 0x00007ffd7ed9d000 	C:\WINDOWS\System32\shlwapi.dll
0x00007ffd7ce30000 - 0x00007ffd7ce5e000 	C:\WINDOWS\SYSTEM32\profapi.dll
0x00007ffd3e8e0000 - 0x00007ffd3e9b7000 	C:\Program Files\Java\jdk-21\bin\jsvml.dll
0x00007ffd3f910000 - 0x00007ffd3f928000 	C:\Program Files\Java\jdk-21\bin\zip.dll
0x00007ffd560e0000 - 0x00007ffd560f0000 	C:\Program Files\Java\jdk-21\bin\net.dll
0x00007ffd762d0000 - 0x00007ffd763ee000 	C:\WINDOWS\SYSTEM32\WINHTTP.dll
0x00007ffd7c260000 - 0x00007ffd7c2ca000 	C:\WINDOWS\system32\mswsock.dll
0x00007ffd445c0000 - 0x00007ffd445d6000 	C:\Program Files\Java\jdk-21\bin\nio.dll
0x00007ffd4dee0000 - 0x00007ffd4def0000 	C:\Program Files\Java\jdk-21\bin\verify.dll
0x00007ffd3f5b0000 - 0x00007ffd3f5d7000 	C:\Users\JASIR\.gradle\native\c067742578af261105cb4f569cf0c3c89f3d7b1fecec35dd04571415982c5e48\windows-amd64\native-platform.dll
0x00007ffd2f080000 - 0x00007ffd2f1c4000 	C:\Users\JASIR\.gradle\native\100fb08df4bc3b14c8652ba06237920a3bd2aa13389f12d3474272988ae205f9\windows-amd64\native-platform-file-events.dll
0x00007ffd4bfc0000 - 0x00007ffd4bfca000 	C:\Program Files\Java\jdk-21\bin\management.dll
0x00007ffd44500000 - 0x00007ffd4450b000 	C:\Program Files\Java\jdk-21\bin\management_ext.dll
0x00007ffd7eab0000 - 0x00007ffd7eab8000 	C:\WINDOWS\System32\PSAPI.DLL
0x00007ffd7c500000 - 0x00007ffd7c51c000 	C:\WINDOWS\SYSTEM32\CRYPTSP.dll
0x00007ffd7bcb0000 - 0x00007ffd7bce8000 	C:\WINDOWS\system32\rsaenh.dll
0x00007ffd7c300000 - 0x00007ffd7c32b000 	C:\WINDOWS\SYSTEM32\USERENV.dll
0x00007ffd7c740000 - 0x00007ffd7c766000 	C:\WINDOWS\SYSTEM32\bcrypt.dll
0x00007ffd7c520000 - 0x00007ffd7c52c000 	C:\WINDOWS\SYSTEM32\CRYPTBASE.dll
0x00007ffd7b800000 - 0x00007ffd7b832000 	C:\WINDOWS\SYSTEM32\IPHLPAPI.DLL
0x00007ffd7f9a0000 - 0x00007ffd7f9aa000 	C:\WINDOWS\System32\NSI.dll
0x00007ffd42cd0000 - 0x00007ffd42cd9000 	C:\Program Files\Java\jdk-21\bin\extnet.dll
0x00007ffd3fd10000 - 0x00007ffd3fd1e000 	C:\Program Files\Java\jdk-21\bin\sunmscapi.dll
0x00007ffd7d050000 - 0x00007ffd7d1c6000 	C:\WINDOWS\System32\CRYPT32.dll
0x00007ffd7c700000 - 0x00007ffd7c730000 	C:\WINDOWS\SYSTEM32\ncrypt.dll
0x00007ffd7c6b0000 - 0x00007ffd7c6ef000 	C:\WINDOWS\SYSTEM32\NTASN1.dll
0x00007ffd26590000 - 0x00007ffd26598000 	C:\WINDOWS\system32\wshunix.dll
0x00007ffd57d10000 - 0x00007ffd57d28000 	C:\WINDOWS\system32\napinsp.dll
0x00007ffd7b840000 - 0x00007ffd7b965000 	C:\WINDOWS\SYSTEM32\DNSAPI.dll
0x00007ffd577e0000 - 0x00007ffd577f2000 	C:\WINDOWS\System32\winrnr.dll
0x00007ffd577b0000 - 0x00007ffd577d2000 	C:\WINDOWS\system32\nlansp_c.dll
0x00007ffd57790000 - 0x00007ffd577a6000 	C:\WINDOWS\system32\wshbth.dll
0x00007ffd73540000 - 0x00007ffd7354b000 	C:\Windows\System32\rasadhlp.dll
0x00007ffd771f0000 - 0x00007ffd77275000 	C:\WINDOWS\System32\fwpuclnt.dll

dbghelp: loaded successfully - version: 4.0.5 - missing functions: none
symbol engine: initialized successfully - sym options: 0x614 - pdb path: .;C:\Program Files\Java\jdk-21\bin;C:\WINDOWS\SYSTEM32;C:\WINDOWS\WinSxS\amd64_microsoft.windows.common-controls_6595b64144ccf1df_6.0.26100.3037_none_3e09262ce333c378;C:\Program Files\Java\jdk-21\bin\server;C:\Users\JASIR\.gradle\native\c067742578af261105cb4f569cf0c3c89f3d7b1fecec35dd04571415982c5e48\windows-amd64;C:\Users\JASIR\.gradle\native\100fb08df4bc3b14c8652ba06237920a3bd2aa13389f12d3474272988ae205f9\windows-amd64

VM Arguments:
jvm_args: -XX:MaxMetaspaceSize=512m --add-opens=java.base/java.util=ALL-UNNAMED --add-opens=java.base/java.lang=ALL-UNNAMED --add-opens=java.base/java.lang.invoke=ALL-UNNAMED --add-opens=java.prefs/java.util.prefs=ALL-UNNAMED --add-exports=jdk.compiler/com.sun.tools.javac.api=ALL-UNNAMED --add-exports=jdk.compiler/com.sun.tools.javac.util=ALL-UNNAMED --add-opens=java.base/java.nio.charset=ALL-UNNAMED --add-opens=java.base/java.net=ALL-UNNAMED --add-opens=java.base/java.util.concurrent.atomic=ALL-UNNAMED -Xmx2048m -Dfile.encoding=UTF-8 -Duser.country=IN -Duser.language=en -Duser.variant -javaagent:C:\Users\JASIR\.gradle\wrapper\dists\gradle-8.10.2-all\7iv73wktx1xtkvlq19urqw1wm\gradle-8.10.2\lib\agents\gradle-instrumentation-agent-8.10.2.jar 
java_command: org.gradle.launcher.daemon.bootstrap.GradleDaemon 8.10.2
java_class_path (initial): C:\Users\JASIR\.gradle\wrapper\dists\gradle-8.10.2-all\7iv73wktx1xtkvlq19urqw1wm\gradle-8.10.2\lib\gradle-daemon-main-8.10.2.jar
Launcher Type: SUN_STANDARD

[Global flags]
     intx CICompilerCount                          = 4                                         {product} {ergonomic}
   size_t CompressedClassSpaceSize                 = 436207616                                 {product} {ergonomic}
     uint ConcGCThreads                            = 2                                         {product} {ergonomic}
     uint G1ConcRefinementThreads                  = 8                                         {product} {ergonomic}
   size_t G1HeapRegionSize                         = 1048576                                   {product} {ergonomic}
    uintx GCDrainStackTargetSize                   = 64                                        {product} {ergonomic}
   size_t InitialHeapSize                          = 264241152                                 {product} {ergonomic}
   size_t MarkStackSize                            = 4194304                                   {product} {ergonomic}
   size_t MaxHeapSize                              = 2147483648                                {product} {command line}
   size_t MaxMetaspaceSize                         = 536870912                                 {product} {command line}
   size_t MaxNewSize                               = 1287651328                                {product} {ergonomic}
   size_t MinHeapDeltaBytes                        = 1048576                                   {product} {ergonomic}
   size_t MinHeapSize                              = 8388608                                   {product} {ergonomic}
    uintx NonNMethodCodeHeapSize                   = 5839372                                {pd product} {ergonomic}
    uintx NonProfiledCodeHeapSize                  = 122909434                              {pd product} {ergonomic}
    uintx ProfiledCodeHeapSize                     = 122909434                              {pd product} {ergonomic}
    uintx ReservedCodeCacheSize                    = 251658240                              {pd product} {ergonomic}
     bool SegmentedCodeCache                       = true                                      {product} {ergonomic}
   size_t SoftMaxHeapSize                          = 2147483648                             {manageable} {ergonomic}
     bool UseCompressedOops                        = true                           {product lp64_product} {ergonomic}
     bool UseG1GC                                  = true                                      {product} {ergonomic}
     bool UseLargePagesIndividualAllocation        = false                                  {pd product} {ergonomic}

Logging:
Log output configuration:
 #0: stdout all=warning uptime,level,tags foldmultilines=false
 #1: stderr all=off uptime,level,tags foldmultilines=false

Environment Variables:
JAVA_HOME=C:\Program Files\Java\jdk-21\
CLASSPATH=D:\MY WORKS\RACTNATIVE\Hajj\hajj-client\android\\gradle\wrapper\gradle-wrapper.jar
PATH=C:\Program Files\Common Files\Oracle\Java\javapath;C:\Program Files\Eclipse Adoptium\jdk-17.0.14.7-hotspot\bin;C:\Program Files\Eclipse Adoptium\jre-8.0.382.5-hotspot\bin;C:\WINDOWS\system32;C:\WINDOWS;C:\WINDOWS\System32\Wbem;C:\WINDOWS\System32\WindowsPowerShell\v1.0\;C:\WINDOWS\System32\OpenSSH\;C:\Program Files\Microsoft VS Code\bin;C:\mingw64\bin;C:\Program Files\ngrok;C:\Program Files\nodejs\;C:\Program Files\Java\jdk-21\bin;C:\Users\YOUR_USERNAME\AppData\Local\Android\Sdk;C:\Users\JASIR\AppData\Local\Android\Sdk;C:\Program Files\Java\jdk-21\\bin;C:\Program Files\Git\cmd;C:\Users\JASIR\AppData\Local\Microsoft\WindowsApps;C:\Users\JASIR\AppData\Roaming\npm;C:\Program Files\Java\jdk-21\bin;C:\Users\YOUR_USERNAME\AppData\Local\Android\Sdk;
USERNAME=JASIR
OS=Windows_NT
PROCESSOR_IDENTIFIER=Intel64 Family 6 Model 140 Stepping 2, GenuineIntel
TMP=C:\Users\JASIR\AppData\Local\Temp
TEMP=C:\Users\JASIR\AppData\Local\Temp




Periodic native trim disabled

---------------  S Y S T E M  ---------------

OS:
 Windows 11 , 64 bit Build 26100 (10.0.26100.3037)
OS uptime: 8 days 20:35 hours
Hyper-V role detected

CPU: total 8 (initial active 8) (4 cores per cpu, 2 threads per core) family 6 model 140 stepping 2 microcode 0x34, cx8, cmov, fxsr, ht, mmx, 3dnowpref, sse, sse2, sse3, ssse3, sse4.1, sse4.2, popcnt, lzcnt, tsc, tscinvbit, avx, avx2, aes, erms, clmul, bmi1, bmi2, adx, avx512f, avx512dq, avx512cd, avx512bw, avx512vl, sha, fma, vzeroupper, avx512_vpopcntdq, avx512_vpclmulqdq, avx512_vaes, avx512_vnni, clflush, clflushopt, clwb, avx512_vbmi2, avx512_vbmi, hv, rdtscp, rdpid, fsrm, gfni, avx512_bitalg, f16c, cet_ibt, cet_ss, avx512_ifma
Processor Information for all 8 processors :
  Max Mhz: 2496, Current Mhz: 2496, Mhz Limit: 2496

Memory: 4k page, system-wide physical 16026M (1138M free)
TotalPageFile size 64240M (AvailPageFile size 63M)
current process WorkingSet (physical memory assigned to process): 892M, peak: 893M
current process commit charge ("private bytes"): 1044M, peak: 1045M

vm_info: Java HotSpot(TM) 64-Bit Server VM (21.0.6+8-LTS-188) for windows-amd64 JRE (21.0.6+8-LTS-188), built on 2024-12-03T10:50:54Z by "mach5one" with MS VC++ 17.6 (VS2022)

END.
